,Unnamed: 0,time,leader,platoon compo,string compo,platoon DTW,ACC,run,duration,length,heavy in platoon,mean speed,Flow,Density,LC Density
0,0,5.0,61.0,"[74, 86, 98]","[74, 86, 98, 93]","[0.69, 0.39, 1.41]","[False, False, False]",1.csv,30.0,3,0,30.46901923076923,1.1704421591640977,0.05559610331325292,0.0005815998951783061
1,1,10.0,61.0,"[74, 86]","[74, 86, 98, 93]","[1.42, 1.31]","[False, False]",1.csv,35.0,2,0,30.971666189111748,1.0432582962091583,0.04233304608940734,0.0003920564217156768
2,2,15.0,61.0,"[74, 86]","[74, 86, 98, 93]","[0.7, 0.66]","[False, False]",1.csv,40.0,2,0,30.80611998746867,0.9782759410789144,0.03678979102185609,0.00024085686301655583
3,3,20.0,61.0,"[74, 86]","[74, 86, 98, 93]","[0.9, 0.86]","[False, False]",1.csv,45.0,2,0,31.032920371430514,0.9050580256774622,0.03267418271339219,0.00018317925174420984
4,0,5.0,144.0,"[134, 130, 146, 143]","[134, 130, 146, 143]","[1.15, 0.67, 0.09, 0.66]","[False, False, False, False]",1.csv,30.0,4,0,31.239225752508357,1.0467647439456977,0.058227657344534764,0.0006162308958041568
5,0,10.0,134.0,"[130, 146]","[130, 146]","[0.1, 0.04]","[False, False]",1.csv,35.0,2,0,31.647774713467054,1.0845405706995277,0.04876895210317834,0.00047281406319734385
6,1,15.0,134.0,"[130, 146]","[130, 146]","[0.2, 0.26]","[False, False]",1.csv,40.0,2,0,31.24043671679198,1.0634239954091562,0.0424470072583939,0.0003248814214654817
7,2,20.0,134.0,"[130, 146]","[130, 146]","[0.47, 0.49]","[False, False]",1.csv,45.0,2,0,30.91617232739432,0.9928445514203835,0.03746128256394738,0.00022095620091785138
8,3,25.0,134.0,"[130, 146]","[130, 146]","[0.84, 1.0]","[False, False]",1.csv,50.0,2,0,30.88290756513026,0.9239609900056205,0.03363148055744727,0.00024023495503029687
9,4,30.0,134.0,"[130, 146]","[130, 146]","[1.05, 1.36]","[False, False]",1.csv,55.0,2,0,31.13216302367951,0.8346350354526243,0.030136407272951138,0.00021027974226444057
10,5,35.0,134.0,"[130, 146]","[130, 146]","[0.86, 1.07]","[False, False]",1.csv,60.0,2,0,31.75553693656102,0.730000855755542,0.02594884785648641,0.00017639078143216925
11,7,45.0,134.0,"[130, 146]","[130, 146]","[1.2, 1.37]","[False, False]",1.csv,70.0,2,0,32.02264538626602,0.5886992524959344,0.020483094575435023,0.00016176430926471985
12,2,35.0,74.0,"[86, 98]","[86, 98, 93]","[0.54, 1.48]","[False, False]",1.csv,60.0,2,0,30.56129608625529,0.9124095982880591,0.03306227280579613,0.00020882534537057398
13,3,40.0,74.0,"[86, 98]","[86, 98, 93]","[0.77, 1.48]","[False, False]",1.csv,65.0,2,0,30.284990208279055,0.9794164522052774,0.03578339125559882,0.00026861046857699607
14,0,5.1,229.0,"[69, 159]","[69, 159]","[0.25, 0.66]","[False, False]",1.csv,30.1,2,0,28.45308446029083,1.1654392008762984,0.05420111267090248,0.0005981362442990893
15,1,10.1,229.0,"[69, 159]","[69, 159]","[0.28, 0.66]","[False, False]",1.csv,35.1,2,0,28.789776785714288,1.1027352449600143,0.044631421701501944,0.0004223691359973247
16,2,15.1,229.0,"[69, 159]","[69, 159]","[0.27, 0.63]","[False, False]",1.csv,40.1,2,0,28.969908437500003,1.0368909860496647,0.03900215761279367,0.00025677743221255115
17,3,20.1,229.0,"[69, 159]","[69, 159]","[0.3, 0.65]","[False, False]",1.csv,45.1,2,0,29.174601388888888,0.9633872533267096,0.03481503053007878,0.0001942704488565244
18,0,5.0,105.0,"[9, 8, 12]","[9, 8, 12]","[0.37, 0.4, 0.5]","[True, True, True]",1.csv,30.0,3,0,25.512032608695648,1.2707283433526657,0.0646691534049811,0.0006929287818573855
19,1,15.0,105.0,"[9, 8, 12]","[9, 8, 12]","[0.14, 0.5, 0.59]","[True, True, True]",1.csv,40.0,3,0,25.354937343358568,1.1723066033648448,0.045457857978659276,0.0003447259199594991
20,2,20.0,105.0,"[9, 8, 12]","[9, 8, 12]","[0.13, 0.43, 0.44]","[True, True, True]",1.csv,45.0,3,0,25.49411135857476,1.080656576447382,0.03993299079327484,0.0002129986707556797
21,3,25.0,105.0,"[9, 8, 12]","[9, 8, 12]","[0.16, 0.37, 0.4]","[True, True, True]",1.csv,50.0,3,0,25.753037575150433,0.9957953521721024,0.035547088866188244,0.00024710646630495117
22,4,30.0,105.0,"[9, 8, 12]","[9, 8, 12]","[0.31, 0.39, 0.38]","[True, True, True]",1.csv,55.0,3,0,25.66058060109296,0.9224885475660712,0.032923211094294774,0.00022708426526677126
23,5,35.0,105.0,"[9, 8, 12]","[9, 8, 12]","[0.35, 0.41, 0.47]","[True, True, True]",1.csv,60.0,3,0,25.565643989983418,0.8353899420080302,0.02985264439129806,0.0002122199436654556
24,6,40.0,105.0,"[9, 8, 12]","[9, 8, 12]","[0.24, 0.43, 0.64]","[True, True, True]",1.csv,65.0,3,0,25.600454802259986,0.7673450483914391,0.027113274099154244,0.00023617834581144816
25,7,45.0,105.0,"[9, 8, 12]","[9, 8, 12]","[0.25, 0.56, 0.78]","[True, True, True]",1.csv,70.0,3,0,25.69678302336676,0.7094488292896696,0.02490085908244481,0.00020218300651546613
26,8,50.0,105.0,"[9, 8, 12]","[9, 8, 12]","[0.12, 0.12, 0.13]","[True, True, True]",1.csv,75.0,3,0,26.06316099243436,0.6494577070750475,0.022492864417827073,0.00016622390258278413
27,9,55.0,105.0,"[9, 8, 12]","[9, 8, 12]","[0.27, 0.29, 0.29]","[True, True, True]",1.csv,80.0,3,0,26.38500500625778,0.59256830520507,0.020248849399928447,0.00016174637844977019
28,10,60.0,105.0,"[9, 8, 12]","[9, 8, 12]","[0.41, 0.75, 0.86]","[True, True, True]",1.csv,85.0,3,0,26.594957891637097,0.5356424534608285,0.01816057118940697,0.00014177280463597658
29,11,65.0,105.0,"[9, 8, 12]","[9, 8, 12]","[0.13, 0.46, 0.58]","[True, True, True]",1.csv,90.0,3,0,26.74348563218376,0.48673187499434356,0.016342039583933116,0.00011637971502587322
30,12,70.0,105.0,"[9, 8, 12]","[9, 8, 12]","[0.33, 0.43, 0.47]","[True, True, True]",1.csv,95.0,3,0,26.838874253600107,0.44338338829337737,0.01478254775705974,0.00011229778556091748
31,13,75.0,105.0,"[9, 8, 12]","[9, 8, 12]","[0.15, 0.35, 0.52]","[True, True, True]",1.csv,100.0,3,0,27.015538719791035,0.40433004772154285,0.013393752865386162,0.00010388794155816294
32,14,80.0,105.0,"[9, 8, 12]","[9, 8, 12]","[0.14, 0.16, 0.34]","[True, True, True]",1.csv,105.0,3,0,27.11848004236134,0.41734996131110286,0.013725729353021706,0.00010204699750952911
33,15,85.0,105.0,"[9, 8, 12]","[9, 8, 12]","[0.44, 0.56, 0.76]","[True, True, True]",1.csv,110.0,3,0,27.298964793627828,0.4318378282688274,0.014160074259097672,0.00010839902466216205
34,16,90.0,105.0,"[9, 8, 12]","[9, 8, 12]","[0.32, 0.68, 0.9]","[True, True, True]",1.csv,115.0,3,0,27.480000398713617,0.44774189502115597,0.01463490181970646,0.00011554398663093802
35,17,95.0,105.0,"[9, 8, 12]","[9, 8, 12]","[0.47, 0.71, 0.9]","[True, True, True]",1.csv,120.0,3,0,27.63887323317556,0.4644314261575829,0.015166148974948819,0.00011254191878115781
36,18,100.0,105.0,"[9, 8, 12]","[9, 8, 12]","[0.15, 0.32, 0.62]","[True, True, True]",1.csv,125.0,3,0,27.768778376723088,0.4838119799050733,0.015786734059456513,0.00010814574428222144
37,19,105.0,105.0,"[9, 8, 12]","[9, 8, 12]","[0.36, 0.77, 0.83]","[True, True, True]",1.csv,130.0,3,0,27.891533551758783,0.5069232875417513,0.01648599181372109,0.00011629303810049267
38,20,110.0,105.0,"[9, 8, 12]","[9, 8, 12]","[0.33, 0.49, 0.65]","[True, True, True]",1.csv,135.0,3,0,28.053428225492127,0.5303273261837556,0.01724986379188086,0.00013400554509132546
39,21,115.0,105.0,"[9, 8, 12]","[9, 8, 12]","[0.4, 0.53, 0.56]","[True, True, True]",1.csv,140.0,3,0,28.143979725817218,0.5569877668565312,0.018148096725279325,0.00014682134236513125
40,22,120.0,105.0,"[9, 8, 12]","[9, 8, 12]","[0.44, 0.73, 0.85]","[True, True, True]",1.csv,145.0,3,0,28.13028952583186,0.5885319980020729,0.019226005141727984,0.0001746442664118693
41,23,125.0,105.0,"[9, 8, 12]","[9, 8, 12]","[0.51, 0.8, 0.83]","[True, True, True]",1.csv,150.0,3,0,28.07539987126276,0.6227833328289427,0.02045304213169659,0.0001833341706626599
42,24,130.0,105.0,"[9, 8, 12]","[9, 8, 12]","[0.43, 1.12, 1.01]","[True, True, True]",1.csv,155.0,3,0,27.997787213908513,0.6673680860659426,0.022018610862762255,0.0001920582979068946
43,25,135.0,105.0,"[9, 8, 12]","[9, 8, 12]","[0.38, 1.06, 0.95]","[True, True, True]",1.csv,160.0,3,0,27.96950918952884,0.7259798609878109,0.024044049224539496,0.00024331604551051922
44,26,140.0,105.0,"[9, 8]","[9, 8, 12]","[0.71, 0.97]","[True, True]",1.csv,165.0,2,0,27.801272916666058,0.8385355193903862,0.02789483585519104,0.0002905375797902086
45,27,145.0,105.0,"[9, 8]","[9, 8]","[1.01, 1.04]","[True, True]",1.csv,170.0,2,0,27.80541653220571,0.9315001417330273,0.03123729235862743,0.0003572017422370202
46,28,150.0,105.0,"[9, 8]","[9, 8]","[1.46, 1.24]","[True, True]",1.csv,175.0,2,0,27.7785902664315,1.0464772549403076,0.03542314877421526,0.0005265425310176922
0,0,5.0,94.0,"[97, 104, 108]","[97, 104, 108]","[0.27, 0.45, 0.85]","[False, False, False]",11.csv,30.0,3,0,23.087092530657753,1.2945085753340568,0.08854869369781941,0.00041326397183176445
1,0,10.0,97.0,"[104, 108]","[104, 108]","[0.33, 0.49]","[False, False]",11.csv,35.0,2,0,23.76669699140401,1.2023989467691443,0.07399230935292508,0.0004936111364437966
2,1,15.0,97.0,"[104, 108]","[104, 108]","[0.56, 0.54]","[False, False]",11.csv,40.0,2,0,24.71869782153729,1.1596008289550648,0.06787895082741195,0.000485121911064254
3,2,20.0,97.0,"[104, 108]","[104, 108]","[0.55, 0.55]","[False, False]",11.csv,45.0,2,0,25.27836578341014,1.2804150873715732,0.0743107459182181,0.0005772570641988856
4,3,25.0,97.0,"[104, 108]","[104, 108]","[0.41, 0.22]","[False, False]",11.csv,50.0,2,0,25.484191727140782,1.3994883070174422,0.08008051487845352,0.0005528301249567244
5,4,30.0,97.0,"[104, 108]","[104, 108]","[0.43, 0.17]","[False, False]",11.csv,55.0,2,0,26.541534634551496,1.5228484725110132,0.08219409555074292,0.0005391544476926396
6,5,35.0,97.0,"[104, 108]","[104, 108]","[0.39, 0.23]","[False, False]",11.csv,60.0,2,0,27.40719308712121,1.5544860741745083,0.07510008456708163,0.00044979088381162907
7,6,40.0,97.0,"[104, 108]","[104, 108]","[0.47, 0.16]","[False, False]",11.csv,65.0,2,0,28.078218675889328,1.5340160619900343,0.06670335260960057,0.00030852614528029874
8,7,45.0,97.0,"[104, 108, 115]","[104, 108, 115]","[0.41, 0.19, 1.16]","[False, False, False]",11.csv,70.0,3,0,28.474496266968327,1.037636147839724,0.04363047646641463,0.00034572485314116194
9,0,10.3,23.0,"[36, 94]","[36, 94]","[0.43, 0.63]","[False, False]",11.csv,35.3,2,0,24.53244596973606,1.1480357732658895,0.0684624212717544,0.0004474911788556312
10,1,15.3,23.0,"[36, 94]","[36, 94]","[0.47, 0.64]","[False, False]",11.csv,40.3,2,0,24.939568447215745,1.2870647056843294,0.07481395935642107,0.0005756395949455331
11,2,20.3,23.0,"[36, 94]","[36, 94]","[0.38, 0.64]","[False, False]",11.csv,45.3,2,0,25.050026837603713,1.4249191343765335,0.08240385927981915,0.0007347944650437829
12,3,25.3,23.0,"[36, 94]","[36, 94]","[0.34, 0.58]","[False, False]",11.csv,50.3,2,0,25.18995100390903,1.5500502031769396,0.0877404997496863,0.0008210597707304837
13,4,30.3,23.0,"[36, 94]","[36, 94]","[0.65, 0.99]","[False, False]",11.csv,55.3,2,0,26.59103398248962,1.6761586054225561,0.08435302932328638,0.0006904279052448242
14,5,35.3,23.0,"[36, 94]","[36, 94]","[0.38, 0.86]","[False, False]",11.csv,60.3,2,0,27.04726361386139,1.7470801795382473,0.07852889057118204,0.0
15,0,5.3,31.0,"[34, 138]","[34, 138]","[0.33, 0.91]","[False, False]",11.csv,30.3,2,0,23.749586092715234,1.280693078027946,0.08957513344005441,0.0004091745722423499
16,2,15.3,31.0,"[34, 138]","[34, 138]","[0.53, 1.04]","[False, False]",11.csv,40.3,2,0,25.101006087981144,1.0513963884019866,0.06115762934933326,0.0003842766531532095
17,0,25.1,26.0,"[11, 39]","[11, 39]","[0.57, 0.37]","[False, False]",11.csv,50.1,2,1,23.861291651392964,1.3640549831858253,0.07654705379034361,0.0006178131863627413
18,1,30.1,26.0,"[11, 39]","[11, 39]","[0.77, 0.13]","[False, False]",11.csv,55.1,2,1,24.951594877344874,1.4518145418639083,0.0735796950469212,0.0005194105255324101
19,0,131.1,25.0,"[946, 2064]","[946, 2064]","[0.67, 0.86]","[False, False]",11.csv,156.1,2,0,27.676366558441558,0.2904717515316279,0.010438986954715877,0.00011702209696123763
20,4,70.2,25.0,"[24, 21]","[24, 21, 38, 35]","[0.5, 1.01]","[False, False]",11.csv,95.2,2,1,24.78923534393911,0.49570928559963945,0.01930330117574677,0.00014776994187063245
21,5,75.2,25.0,"[24, 21]","[24, 21, 38, 35]","[0.46, 0.95]","[False, False]",11.csv,100.2,2,1,25.07693872192789,0.5103638536353517,0.019671678155824542,0.0001591452422772835
22,6,80.2,25.0,"[24, 21]","[24, 21, 38, 35]","[0.49, 1.16]","[False, False]",11.csv,105.2,2,1,25.313281745559784,0.5337648243471538,0.020346944361430717,0.00018970035920842877
23,7,85.2,25.0,"[24, 21]","[24, 21, 38, 35]","[0.33, 1.24]","[False, False]",11.csv,110.2,2,1,25.526844789678584,0.5711105178810706,0.021552810810373402,0.00019276281916083896
24,8,90.2,25.0,"[24, 21]","[24, 21]","[0.64, 1.01]","[False, False]",11.csv,115.2,2,1,25.642920115740942,0.6185232401391205,0.0232055242833081,0.00021805149149067967
25,9,100.2,25.0,"[24, 21]","[24, 21]","[0.82, 0.76]","[False, False]",11.csv,125.2,2,1,25.73306729168699,0.7537923059092597,0.027609292219792338,0.00021267364211825869
26,3,197.6,2064.0,"[2851, 2867, 3018]","[2851, 2867, 3018]","[1.29, 0.5, 0.23]","[False, False, False]",11.csv,222.6,3,0,26.95456031746032,0.7749327848954761,0.02951190561678714,0.000341968778873548
27,0,5.2,14.0,"[12, 28, 25, 24, 21]","[12, 28, 25, 24, 21]","[0.51, 0.74, 0.89, 1.15, 1.49]","[False, False, False, False, False]",11.csv,30.2,5,1,15.0845,1.4073316396654951,0.09653222324205946,0.0003127393841535404
28,1,35.2,14.0,"[12, 28]","[12, 28, 25, 24, 21, 38, 35]","[0.38, 1.25]","[False, False]",11.csv,60.2,2,1,19.512034941763726,0.7946988360900639,0.03656362553497277,0.00022364897566553495
29,0,10.2,12.0,"[28, 25, 24, 21]","[28, 25, 24, 21]","[0.36, 0.43, 0.83, 0.76]","[False, False, False, False]",11.csv,35.2,4,1,14.004511008522726,1.3122270561946354,0.08528122504272459,0.00036062764311030365
30,1,15.2,12.0,"[28, 25, 24, 21]","[28, 25, 24, 21]","[0.89, 0.82, 1.03, 0.95]","[False, False, False, False]",11.csv,40.2,4,1,13.334823072139303,1.2775969868809138,0.08331397218338552,0.0004860161716686996
31,18,150.2,12.0,"[28, 24]","[28, 24]","[1.18, 0.2]","[False, False]",11.csv,175.2,2,0,24.996011524629555,0.412816049297518,0.015008228204214493,0.00017755613460305816
32,2,202.0,24.0,"[3029, 2851]","[3029, 2851]","[0.77, 0.71]","[False, False]",11.csv,227.0,2,0,27.315409836065573,0.8541796725891222,0.031056010489496664,0.002084296006006483
33,1,10.2,10.0,"[19, 22]","[19, 22, 27]","[0.71, 1.36]","[True, True]",11.csv,35.2,2,0,13.35066903409091,1.40113589122383,0.08874170836560323,0.00042743056128571855
34,2,15.2,10.0,"[19, 22]","[19, 22, 27]","[0.92, 1.23]","[True, True]",11.csv,40.2,2,0,13.318881218905473,1.3845181198500507,0.08493325442874278,0.0005623364624510475
35,3,20.2,10.0,"[19, 22]","[19, 22]","[1.14, 0.72]","[True, True]",11.csv,45.2,2,0,14.131296563192905,1.302246823262552,0.07461833046553146,0.0005469750070776385
36,4,25.2,10.0,"[19, 22]","[19, 22]","[0.39, 0.75]","[True, True]",11.csv,50.2,2,0,15.215239520958084,1.1131169467308273,0.05861030122259721,0.0003772964029411258
37,6,35.2,10.0,"[19, 22]","[19, 22]","[0.88, 1.35]","[True, True]",11.csv,60.2,2,0,18.714566139767058,0.7949311684589238,0.036144668563585225,0.00024291792204702968
38,7,40.2,10.0,"[19, 22]","[19, 22, 27]","[0.46, 0.88]","[True, True]",11.csv,65.2,2,0,19.88715168970814,0.6610584266838138,0.0290920875000657,0.0001935923307274377
39,8,45.2,10.0,"[19, 22]","[19, 22, 27, 30]","[0.22, 0.27]","[True, True]",11.csv,70.2,2,0,21.019906205420828,0.5605491803903502,0.02383944638866961,0.00018663706019396052
40,9,50.2,10.0,"[19, 22]","[19, 22]","[0.33, 0.46]","[True, True]",11.csv,75.2,2,0,21.901541944074573,0.4871473372373292,0.01986029470867007,0.00015551024086739394
41,10,55.2,10.0,"[19, 22]","[19, 22]","[0.41, 0.76]","[True, True]",11.csv,80.2,2,0,22.40575561797753,0.4294002260393342,0.016958248654932086,0.00016839669316826104
42,11,60.2,10.0,"[19, 22]","[19, 22]","[0.44, 0.83]","[True, True]",11.csv,85.2,2,0,22.779746474735603,0.38016089011908155,0.014666395871250992,0.0001405119777726383
43,12,65.2,10.0,"[19, 22]","[19, 22]","[0.58, 0.69]","[True, True]",11.csv,90.2,2,0,23.027529411764707,0.33821570508371124,0.012826545761534544,0.0001293976873799197
44,0,14.0,19.0,"[29, 22]","[29, 22]","[0.52, 1.08]","[False, True]",11.csv,39.0,2,0,13.049298200514139,1.3933667150529025,0.08648068147671946,0.0005046856006292798
45,9,168.7,19.0,"[1764, 22, 2762]","[1764, 22, 2762]","[0.22, 0.6, 0.86]","[False, True, False]",11.csv,193.7,3,0,23.465157671006228,0.805653912585133,0.029342308652235614,0.0002679173543849125
0,0,149.4,1631.0,"[1480, 61]","[1480, 61]","[0.91, 1.05]","[False, False]",18.csv,174.4,2,0,12.461548662858947,0.8024390987679318,0.05804236732445758,0.0003808387690244799
0,0,5.0,10.0,"[26, 20]","[26, 20, 17, 29, 32, 101, 96, 102, 115, 119, 140, 152]","[1.33, 1.45]","[False, False]",19.csv,30.0,2,0,30.47048913043478,1.2334126736714748,0.05025983121503971,0.00020492469711750678
1,1,15.0,26.0,"[20, 17, 140]","[20, 17, 29, 32, 101, 96, 102, 115, 119, 140]","[0.57, 1.17, 1.14]","[False, False, False]",19.csv,40.0,3,0,30.829534252297407,1.0693195904603598,0.0417791139045028,0.00022593074791532996
2,2,20.0,26.0,"[20, 17, 32, 101, 96, 102, 119, 140]","[20, 17, 29, 32, 101, 96, 102, 115, 119, 140]","[0.48, 1.14, 1.22, 1.01, 0.94, 0.61, 0.53, 1.4]","[False, False, False, False, False, False, False, False]",19.csv,45.0,8,0,30.485583379732738,0.9772307503386205,0.03769359213539084,0.00023805047360856723
3,3,25.0,26.0,"[20, 32, 101, 96, 102, 119, 140]","[20, 17, 29, 32, 101, 96, 102, 115, 119, 140]","[0.46, 1.32, 1.3, 0.95, 0.99, 1.3, 1.16]","[False, False, False, False, False, False, False]",19.csv,50.0,7,0,30.758250501002003,0.8659218709385816,0.03258039517923206,0.00025546923709521247
4,0,30.0,29.0,"[32, 101, 96]","[32, 101, 96, 102]","[1.44, 1.32, 1.39]","[False, False, False]",19.csv,55.0,3,0,31.75181815421979,0.7452502480911511,0.027502072963612244,0.00024786351025199134
5,1,45.0,29.0,"[32, 101]","[32, 101, 96, 102]","[1.04, 0.9]","[False, False]",19.csv,70.0,2,0,32.79936653265004,0.8440384657126934,0.03066813410935774,0.00032683624272850174
6,0,35.0,32.0,"[101, 96, 102]","[101, 96, 102]","[0.61, 0.47, 1.25]","[False, False, False]",19.csv,60.0,3,0,31.668857809329968,0.6733688425378032,0.024383260679104922,0.0002282649380182075
7,1,40.0,32.0,"[101, 96, 102]","[101, 96, 102]","[0.6, 0.66, 1.42]","[False, False, False]",19.csv,65.0,3,0,31.57237903810193,0.6189161029064328,0.02201814979936233,0.00021607605298687286
8,2,50.0,32.0,"[101, 96]","[101, 96, 102]","[0.66, 1.38]","[False, False]",19.csv,75.0,2,0,32.646529605926496,0.6529422379383016,0.022844453631845233,0.000197245015867423
9,0,5.0,6.0,"[8, 16, 12, 21]","[8, 16, 12, 21, 24, 33, 34]","[0.58, 0.66, 0.76, 1.31]","[False, False, False, False]",19.csv,30.0,4,0,28.990078595317723,1.2494689478836092,0.04990172587531152,0.0001737525274210011
10,0,10.0,8.0,"[16, 12]","[16, 12]","[1.23, 1.07]","[False, False]",19.csv,35.0,2,0,29.578163323782235,1.1100334961385299,0.04214666535479147,0.00020210073810353492
11,1,15.0,8.0,"[16, 12, 21, 24]","[16, 12, 21, 24, 33, 34]","[0.96, 0.91, 1.2, 1.48]","[False, False, False, False]",19.csv,40.0,4,0,28.918294799498746,1.1170507402599696,0.04252883027498068,0.00022596477485245566
12,2,20.0,8.0,"[16, 12, 21]","[16, 12, 21, 24, 33, 34]","[0.97, 1.07, 1.36]","[False, False, False]",19.csv,45.0,3,0,29.304478099480324,0.972781517181745,0.036797089345126016,0.0002641065793468062
13,3,25.0,8.0,"[16, 12]","[16, 12, 21, 24, 33, 34]","[0.65, 1.04]","[False, False]",19.csv,50.0,2,0,29.897381053324942,0.8317715508266076,0.031015610465948813,0.0002573909582236415
14,4,30.0,8.0,"[16, 12]","[16, 12, 21, 24, 33, 34]","[0.89, 0.98]","[False, False]",19.csv,55.0,2,0,29.91836667687127,0.8860773673053736,0.03308610502985737,0.0002834170381176749
15,2,168.7,131.0,"[777, 1413, 1452]","[777, 1413, 1452]","[1.36, 1.15, 1.4]","[False, False, False]",19.csv,193.7,3,1,30.212371623247677,0.8094558438454753,0.027890753820497497,0.0
16,3,164.1,777.0,"[1413, 1452]","[1413, 1452]","[0.35, 0.72]","[False, False]",19.csv,189.1,2,1,30.28639930235619,0.7874484566516612,0.02692985562782515,0.0
17,0,5.0,18.0,"[25, 19]","[25, 19]","[0.35, 0.61]","[True, True]",19.csv,30.0,2,0,26.43114297658863,1.351995754732308,0.05740970694658652,0.0003027405885740193
18,1,125.0,18.0,"[25, 19]","[25, 19]","[1.41, 1.46]","[True, True]",19.csv,150.0,2,0,25.661735067163715,0.8146795090906764,0.028125491815089058,0.0004664260665852249
19,2,130.0,18.0,"[25, 19]","[25, 19]","[0.77, 1.21]","[True, True]",19.csv,155.0,2,0,25.722592388219713,0.9080907172174363,0.03136195679052143,0.0005032675601581399
20,2,15.0,23.0,"[28, 27]","[28, 27]","[1.08, 1.29]","[False, False]",19.csv,40.0,2,0,25.697272556390978,1.1474788077401543,0.04378870682151906,0.00021042146478384943
21,6,35.0,23.0,"[28, 27]","[28, 27]","[0.51, 0.69]","[False, False]",19.csv,60.0,2,0,25.16484348914858,0.7533509084122952,0.02765166713017825,0.00024114507347838487
22,7,40.0,23.0,"[28, 27]","[28, 27]","[0.59, 0.89]","[False, False]",19.csv,65.0,2,0,25.718063174114025,0.6716918368071917,0.02399657970202569,0.0002272403380873645
0,2,136.5,55.0,"[202, 111]","[202, 111]","[1.03, 1.28]","[False, False]",20.csv,161.5,2,0,22.865612922705314,0.532458114041238,0.019178366184564796,0.00010050237749018623
1,13,114.0,50.0,"[54, 964]","[54, 964, 136]","[0.24, 1.1]","[True, False]",20.csv,139.0,2,0,25.894972222222222,0.4007208791052334,0.014310694068146232,7.492509983322634e-05
2,14,119.0,50.0,"[54, 964, 136]","[54, 964, 136]","[0.19, 0.82, 0.73]","[True, False, False]",20.csv,144.0,3,0,25.65624589700057,0.4319192443954711,0.015436084521283325,7.95674459859965e-05
3,15,124.0,50.0,"[54, 964, 136]","[54, 964, 136]","[0.11, 0.8, 0.76]","[True, False, False]",20.csv,149.0,3,0,25.635531539888685,0.46509263702766035,0.016721663438571593,9.540438835275987e-05
4,16,129.0,50.0,"[54, 964, 136]","[54, 964, 136]","[0.11, 0.72, 0.74]","[True, False, False]",20.csv,154.0,3,0,25.64119734151329,0.5034061033933969,0.01818251953346499,9.943953805559192e-05
5,0,155.7,1103.0,"[1137, 1239]","[1137, 1239]","[0.42, 0.12]","[False, False]",20.csv,180.7,2,0,26.41555855855856,0.8029379021697194,0.03134225024851318,0.00015086522381955802
6,1,160.7,1103.0,"[1137, 1239]","[1137, 1239]","[0.42, 0.26]","[False, False]",20.csv,185.7,2,0,25.081183139534886,0.8620667755084239,0.03484510077735706,0.00013139178272004922
0,0,5.0,55.0,"[50, 54, 53, 49]","[50, 54, 53, 49, 14]","[1.13, 1.29, 1.3, 1.44]","[False, False, False, False]",21.csv,30.0,4,0,23.704540969899664,1.101583823269648,0.06175544652658632,0.0003854553060063346
1,1,10.0,55.0,"[50, 54, 53, 49]","[50, 54, 53, 49, 14]","[1.07, 1.24, 1.32, 1.49]","[False, False, False, False]",21.csv,35.0,4,0,24.89558022922636,1.09609212865294,0.056282405758893456,0.00032510214481101395
2,2,15.0,55.0,"[50, 54, 53, 49]","[50, 54, 53, 49, 14]","[1.1, 1.33, 1.27, 1.37]","[False, False, False, False]",21.csv,40.0,4,0,25.70206150087957,0.9966479047786263,0.049011790750919375,0.0002315031577402511
3,3,20.0,55.0,"[50, 54, 53, 49, 14]","[50, 54, 53, 49, 14]","[0.52, 0.56, 0.46, 0.76, 1.36]","[False, False, False, False, False]",21.csv,45.0,5,0,25.701782190186275,0.9885119509397418,0.04737697330112464,0.0002077664048639417
4,4,25.0,55.0,"[50, 54, 53, 49, 14]","[50, 54, 53, 49, 14]","[0.44, 0.56, 0.48, 0.68, 1.41]","[False, False, False, False, False]",21.csv,50.0,5,0,25.90340989065994,0.901949959106595,0.04179006391399395,0.00016250608148232212
5,0,6.6,86.0,"[122, 146]","[122, 146]","[0.32, 0.78]","[False, False]",21.csv,31.6,2,0,28.042628221288517,1.064433757042571,0.06534988271898293,0.0005132189742328505
6,1,11.6,86.0,"[122, 146]","[122, 146]","[0.58, 0.23]","[False, False]",21.csv,36.6,2,0,27.6049,1.0353440175123276,0.05572973719125237,0.00030158597481887514
7,2,16.6,86.0,"[122, 146]","[122, 146, 234]","[1.09, 1.44]","[False, False]",21.csv,41.6,2,0,27.340464457831327,1.0005804495190906,0.049826994485697274,0.00023591209926469988
8,3,21.6,86.0,"[122, 146]","[122, 146, 234]","[1.08, 1.13]","[False, False]",21.csv,46.6,2,0,27.070068279569895,0.9377411963061558,0.04463271288173212,0.00021692691558557544
9,0,30.0,29.0,"[50, 54, 53, 49]","[55, 50, 54, 53, 49]","[0.97, 0.8, 1.06, 1.23]","[False, False, False, False]",21.csv,55.0,4,0,26.279665573026648,1.3303750325758135,0.06277193080570254,0.00030528125087881785
10,0,35.0,50.0,"[54, 53, 49]","[54, 53, 49]","[0.14, 0.52, 0.6]","[False, False, False]",21.csv,60.0,3,0,26.478770790391632,1.3792049690933434,0.06328372797483034,0.00028348691044421546
11,1,40.0,50.0,"[54, 53, 49]","[54, 53, 49]","[0.18, 1.11, 1.4]","[False, False, False]",21.csv,65.0,3,0,26.708970839801513,1.400837253676942,0.06293453427201341,0.0001653995644468158
12,0,45.0,54.0,"[53, 49]","[53, 49]","[0.92, 1.13]","[False, False]",21.csv,70.0,2,0,26.419867177314213,1.4671297501924592,0.06458599770611674,0.0003622321800679573
13,0,5.0,30.0,"[47, 43]","[47, 43, 5]","[0.68, 0.95]","[False, False]",21.csv,30.0,2,0,21.459834448160535,1.0837185681618815,0.05902105640254025,0.0004048876860229143
14,4,10.0,0.0,"[42, 6]","[42, 6]","[1.16, 1.11]","[False, False]",21.csv,35.0,2,0,18.46514541547278,1.1982748129031549,0.06139482326249106,0.00023640671260104367
15,1,10.0,7.0,"[13, 11]","[13, 11, 17]","[1.19, 1.5]","[True, True]",21.csv,35.0,2,0,20.972139684813754,1.119047600715246,0.060616590098470396,0.0003682380748635153
16,2,40.0,7.0,"[13, 11, 17]","[13, 11, 17, 93]","[0.33, 0.28, 0.17]","[True, True, True]",21.csv,65.0,3,0,23.520271186440677,0.6802739833979351,0.02819427971506904,0.00015439896160272928
17,3,45.0,7.0,"[13, 11, 17]","[13, 11, 17, 93]","[0.42, 0.71, 1.09]","[True, True, True]",21.csv,70.0,3,0,24.29973581306629,0.5989521725413363,0.023738418800353503,0.0001196234479896872
18,4,50.0,7.0,"[13, 11, 17]","[13, 11, 17]","[1.35, 1.44, 1.23]","[True, True, True]",21.csv,75.0,3,0,24.73520627503338,0.5341976807233079,0.020411393290319418,0.00010926090191806124
19,0,15.0,13.0,"[11, 17]","[11, 17]","[0.2, 0.97]","[True, True]",21.csv,40.0,2,0,20.46659273182957,1.0989024360782709,0.056162068279515344,0.000305893618080149
20,1,20.0,13.0,"[11, 17]","[11, 17]","[0.15, 0.97]","[True, True]",21.csv,45.0,2,0,20.24402115812918,1.0942656003658964,0.05317758250039002,0.00023366772898325864
21,2,55.0,13.0,"[11, 17]","[11, 17]","[0.23, 0.4]","[True, True]",21.csv,80.0,2,0,25.134924906132664,0.47359882198774994,0.017686824781396795,0.00010695266292595792
22,3,60.0,13.0,"[11, 17]","[11, 17]","[0.36, 1.01]","[True, True]",21.csv,85.0,2,0,25.559009128386336,0.41982852109929475,0.01532159831367141,0.00011501467903024113
23,4,65.0,13.0,"[11, 17]","[11, 17]","[0.22, 0.81]","[True, True]",21.csv,90.0,2,0,26.03993047830923,0.3733621916242507,0.013357530628560772,0.00010062711407654476
24,5,70.0,13.0,"[11, 17]","[11, 17]","[0.22, 0.7]","[True, True]",21.csv,95.0,2,0,26.46130057955743,0.3345293836329264,0.011814352551502327,0.00010968119914984657
25,6,75.0,13.0,"[11, 17]","[11, 17]","[0.28, 0.8]","[True, True]",21.csv,100.0,2,0,26.671537156937546,0.30727188217600504,0.010761617151768663,0.00011416546361365674
26,7,80.0,13.0,"[11, 17]","[11, 17]","[0.27, 0.61]","[True, True]",21.csv,105.0,2,0,26.736902897092158,0.3153834146090546,0.010997499958412283,0.00012203080114557346
27,8,85.0,13.0,"[11, 17]","[11, 17]","[0.17, 0.62]","[True, True]",21.csv,110.0,2,0,26.771325510973647,0.32531865546375804,0.01133580749896839,0.00012648956584376017
28,9,90.0,13.0,"[11, 17]","[11, 17]","[0.29, 0.65]","[True, True]",21.csv,115.0,2,0,26.82274527456499,0.33829274653313623,0.011746677524601748,0.00013120674565054224
29,10,160.0,13.0,"[11, 17]","[11, 17]","[0.12, 0.56]","[True, True]",21.csv,185.0,2,0,28.23998502438507,0.9900916405158005,0.03589802493618824,0.0008555296695945707
30,11,165.0,13.0,"[11, 17]","[11, 17]","[0.1, 0.3]","[True, True]",21.csv,190.0,2,0,27.946385178618335,0.9340196625214702,0.032518540178861674,0.00040852437410630155
31,0,5.0,3.0,"[8, 9, 4]","[8, 9, 4]","[0.39, 1.1, 1.25]","[False, False, False]",21.csv,30.0,3,1,15.526991081382386,1.2457762600465883,0.07210431448377828,0.00044580384866933515
32,1,10.0,3.0,"[8, 9, 4]","[8, 9, 4]","[0.57, 0.97, 1.24]","[False, False, False]",21.csv,35.0,3,1,15.239236867239732,1.2117412828700747,0.06459494171133413,0.00043352309873378623
33,2,15.0,3.0,"[8, 9, 4]","[8, 9, 4]","[0.44, 0.93, 1.45]","[False, False, False]",21.csv,40.0,3,1,15.628477025898079,1.1922536521401543,0.06093347278474269,0.0003190711471373421
34,3,20.0,3.0,"[8, 9]","[8, 9, 4]","[0.35, 0.9]","[False, False]",21.csv,45.0,2,1,16.73438363028953,1.2023827565915666,0.05836540937450603,0.00024796775092726935
35,4,25.0,3.0,"[8, 9]","[8, 9, 4]","[0.35, 0.97]","[False, False]",21.csv,50.0,2,1,17.423944388777556,1.1287361950653707,0.05294459424452401,0.00021567978463799215
36,5,30.0,3.0,"[8, 9, 4]","[8, 9, 4]","[0.33, 0.71, 1.28]","[False, False, False]",21.csv,55.0,3,1,17.844218882817245,1.0196735370958954,0.04661807857627613,0.00013843233785853853
37,6,35.0,3.0,"[8, 9, 4]","[8, 9, 4]","[0.46, 0.85, 1.25]","[False, False, False]",21.csv,60.0,3,1,18.616291853093482,1.0580876637101269,0.0477358661499781,0.0001580956959925467
38,7,40.0,3.0,"[8, 9]","[8, 9, 4]","[0.33, 1.03]","[False, False]",21.csv,65.0,2,1,19.574490500934335,0.9872735074894347,0.04264905231218399,0.00015932403385359416
39,8,45.0,3.0,"[8, 9]","[8, 9, 4]","[0.21, 0.56]","[False, False]",21.csv,70.0,2,1,20.21106481958013,1.0434120447366995,0.04448077469412999,0.00016735577686584788
40,9,50.0,3.0,"[8, 9]","[8, 9]","[0.18, 0.55]","[False, False]",21.csv,75.0,2,1,20.692400563661224,1.1103679508900106,0.04665617170616549,0.00020605249333953204
41,10,55.0,3.0,"[8, 9, 4]","[8, 9, 4]","[0.19, 0.59, 1.45]","[False, False, False]",21.csv,80.0,3,1,20.413962513693132,1.3369012638878903,0.05738619775331619,0.00011359104860118013
42,11,60.0,3.0,"[8, 9]","[8, 9, 4]","[0.19, 0.72]","[False, False]",21.csv,85.0,2,1,21.356198559819866,1.2797391364607411,0.05239565513054798,0.0001506921343990451
43,14,75.0,3.0,"[8, 9]","[8, 9, 4]","[0.17, 1.16]","[False, False]",21.csv,100.0,2,1,22.283864028699355,1.481224158299155,0.05627012284663751,0.0003465976153165232
44,15,80.0,3.0,"[8, 9]","[8, 9, 4]","[0.23, 1.14]","[False, False]",21.csv,105.0,2,1,22.663057091767882,1.549304629910983,0.056807788908088734,0.0006910923224828316
45,16,85.0,3.0,"[8, 9]","[8, 9]","[0.12, 1.33]","[False, False]",21.csv,110.0,2,1,23.45480266169154,1.489846488023943,0.054093349184860355,0.0
46,0,28.1,319.0,"[223, 2]","[223, 2]","[0.31, 0.38]","[False, False]",21.csv,53.1,2,0,17.53771126891976,1.0601589277019894,0.04784626533886925,0.00014434506631559916
47,1,33.1,319.0,"[223, 2]","[223, 2]","[1.07, 0.85]","[False, False]",21.csv,58.1,2,0,18.39114484355045,0.901861249785884,0.0389473657573823,0.0001596007284243015
48,2,38.1,319.0,"[223, 2]","[223, 2]","[0.52, 0.49]","[False, False]",21.csv,63.1,2,0,19.11453613905656,0.7557380199107393,0.031368604314556646,0.0001779778968201796
49,3,43.1,319.0,"[223, 2]","[223, 2]","[0.57, 0.55]","[False, False]",21.csv,68.1,2,0,19.842690091610415,0.6470350954642239,0.025757693449068524,0.00013280847770510878
50,4,48.1,319.0,"[223, 2]","[223, 2]","[0.6, 0.4]","[False, False]",21.csv,73.1,2,0,20.5262297273704,0.5714672097358438,0.02186087231660713,0.00010984938352436809
0,6,143.4,74.0,"[575, 1286]","[575, 1286]","[0.28, 0.68]","[False, False]",3.csv,168.4,2,0,31.13842456896552,1.304854372734442,0.04511422675958604,0.0007311868194422367
1,7,148.4,74.0,"[575, 1286]","[575, 1286]","[0.18, 0.71]","[False, False]",3.csv,173.4,2,0,30.460083333333337,1.573227649076975,0.05602505508138532,0.0015627630427164653
2,0,5.0,25.0,"[26, 21]","[26, 21]","[0.69, 0.85]","[False, False]",3.csv,30.0,2,0,26.527838628762538,1.4260412470106343,0.06076217247799155,0.0007726508580491105
3,6,97.3,128.0,"[55, 129, 64]","[55, 129, 64]","[1.18, 1.43, 1.35]","[False, False, False]",3.csv,122.3,3,1,30.50683882149053,0.4290913981986448,0.01417330074486111,0.0001653260001802106
4,7,102.3,128.0,"[55, 129, 64]","[55, 129, 64]","[1.13, 0.9, 1.04]","[False, False, False]",3.csv,127.3,3,1,30.26381246046812,0.4688750735734778,0.015591696176096057,0.000187682168836546
5,0,108.5,55.0,"[129, 64]","[129, 64]","[0.71, 0.98]","[False, False]",3.csv,133.5,2,0,30.075714516129032,0.5278995975241205,0.01755277343794614,0.00024100607140404892
6,1,113.5,55.0,"[129, 64]","[129, 64]","[0.66, 1.05]","[False, False]",3.csv,138.5,2,0,30.05394939759036,0.5894534216106732,0.01964916852820491,0.00024514317741522435
7,0,10.0,8.0,"[15, 3]","[15, 3]","[0.61, 1.45]","[False, False]",3.csv,35.0,2,1,26.67722083690628,1.3212245075089564,0.052060331734501454,0.0006740208271571746
8,1,15.0,8.0,"[15, 3]","[15, 3]","[0.99, 1.38]","[False, False]",3.csv,40.0,2,1,27.03742512531328,1.3996765838305654,0.054358000949308205,0.0006932436000336883
9,3,25.0,8.0,"[15, 3]","[15, 3]","[1.42, 1.41]","[False, False]",3.csv,50.0,2,1,26.323926619367768,1.50467456397219,0.05797347523616263,0.00026173126517454917
10,1,5.0,40.0,"[33, 41]","[33, 41]","[1.04, 0.34]","[True, True]",3.csv,30.0,2,0,22.121852006688965,1.6487884012406215,0.07859341226861058,0.0010405669848647819
11,0,148.3,1953.0,"[25, 1990]","[25, 1990]","[0.72, 0.8]","[False, False]",3.csv,173.3,2,0,25.074578358208953,1.4652878509847167,0.052033532221813505,0.0009049309951619727
12,0,5.0,11.0,"[4, 10]","[4, 10]","[0.47, 0.87]","[False, False]",3.csv,30.0,2,0,23.556854515050166,1.4202474984857103,0.058724421968885686,0.000756953106069679
13,1,10.0,11.0,"[4, 10]","[4, 10]","[0.52, 0.75]","[False, False]",3.csv,35.0,2,0,23.744101719197708,1.3373943603561602,0.05320450844008917,0.0007543681569386758
14,2,30.0,11.0,"[4, 10]","[4, 10]","[0.29, 0.28]","[False, False]",3.csv,55.0,2,0,23.23540783117458,1.5382311842007683,0.05981860677073705,0.0005696235170659222
15,0,5.0,30.0,"[19, 29]","[19, 29]","[0.33, 0.66]","[False, False]",3.csv,30.0,2,1,22.119423076923077,1.6143500642536588,0.07161157353344297,0.0010085347966528235
16,1,10.0,30.0,"[19, 29]","[19, 29]","[0.55, 0.67]","[False, False]",3.csv,35.0,2,1,22.219256446991405,1.4827048129967544,0.06063873713530435,0.0008609010176669435
17,0,5.0,56.0,"[49, 47, 52, 46]","[49, 47, 52, 46]","[0.75, 0.77, 1.13, 0.41]","[False, False, False, False]",3.csv,30.0,4,1,18.774204222408027,1.5018291765980485,0.09811399709411289,0.0009581445028721961
18,1,10.0,56.0,"[49, 47, 46]","[49, 47, 52, 46]","[0.68, 0.77, 1.35]","[False, False, False]",3.csv,35.0,3,0,18.54371149997726,1.4901062736545663,0.09281154838863216,0.0011399576055922066
19,0,15.0,49.0,"[47, 52, 46]","[47, 52, 46]","[0.31, 0.63, 1.37]","[False, False, False]",3.csv,40.0,3,1,18.46028536706349,1.559933863731636,0.09163887236374955,0.0009216111870306693
0,0,5.0,0.0,"[2, 9]","[2, 9]","[0.9, 1.32]","[False, False]",7.csv,30.0,2,0,28.473153846153846,1.043235904090778,0.040859211757901324,0.00040643799619915783
1,3,31.9,160.0,"[76, 727]","[76, 727]","[0.57, 1.38]","[False, False]",7.csv,56.9,2,0,27.94962788337166,0.8908630275444294,0.033980463593645704,0.00017856260427559492
2,4,36.9,160.0,"[76, 727]","[76, 727]","[0.79, 1.13]","[False, False]",7.csv,61.9,2,0,27.80104831848664,0.9188461137970364,0.03410677323567999,0.0004124156376744863
3,2,40.0,9.0,"[5, 8]","[5, 8]","[0.34, 0.94]","[False, False]",7.csv,65.0,2,0,28.867261187568353,0.9644632066339186,0.03647585210084728,0.00024573895419389584
4,3,45.0,9.0,"[5, 8]","[5, 8]","[0.23, 0.9]","[False, False]",7.csv,70.0,2,0,28.445009759021936,0.8793660097711508,0.03399290057072063,0.00028831976735131995
5,0,150.5,1380.0,"[11, 676]","[11, 676]","[1.36, 0.88]","[True, False]",7.csv,175.5,2,1,20.389070446139627,1.0332964878458992,0.03985714885288792,0.0005276762866666538
0,1,85.5,1040.0,"[1020, 1041, 1115]","[1020, 1041, 1115]","[0.61, 0.55, 0.7]","[False, False, False]",8.csv,110.5,3,0,8.467926891658722,0.5406717315279131,0.11366920521157177,7.82892944385917e-05
1,4,100.5,1040.0,"[1020, 1041]","[1020, 1041]","[0.63, 1.14]","[False, False]",8.csv,125.5,2,0,6.874727216905347,0.5526940456174826,0.13958236787954223,0.00013625989738171794
2,6,110.5,1040.0,"[1020, 1041]","[1020, 1041]","[0.8, 1.2]","[False, False]",8.csv,135.5,2,0,5.728834663769637,0.521090799986014,0.14400963675837716,0.00012747176822790885
3,0,133.4,2006.0,"[2015, 2019]","[2015, 2019]","[0.77, 0.77]","[False, False]",8.csv,158.4,2,0,8.148976468730286,0.5422208715634557,0.09751033385505967,0.00020421121983994154
4,1,138.4,2006.0,"[2015, 2019]","[2015, 2019]","[0.56, 0.49]","[False, False]",8.csv,163.4,2,0,8.216416215292007,0.5265545875412675,0.08735386754923127,0.00020386851914098712
5,2,143.4,2006.0,"[2015, 2019]","[2015, 2019]","[0.42, 0.22]","[False, False]",8.csv,168.4,2,0,8.165750532357778,0.5149850085054417,0.07757604858760962,0.00019671932842561484
6,3,148.4,2006.0,"[2015, 2019]","[2015, 2019]","[0.34, 0.16]","[False, False]",8.csv,173.4,2,0,8.168815165133838,0.4989399119008174,0.06766887999432696,0.00020371484866274378
7,4,153.4,2006.0,"[2015, 2019]","[2015, 2019]","[0.29, 0.12]","[False, False]",8.csv,178.4,2,0,8.249839881449777,0.48331267097214575,0.05949953381502376,0.00020495751918516632
8,5,158.4,2006.0,"[2015, 2019]","[2015, 2019]","[1.08, 0.77]","[False, False]",8.csv,183.4,2,0,8.148639090399552,0.49716996641141586,0.057517410119891005,0.00021460701029082786
9,6,163.4,2006.0,"[2015, 2019]","[2015, 2019]","[0.77, 0.57]","[False, False]",8.csv,188.4,2,0,8.103350256178635,0.5106181640577954,0.055982880801902515,0.00020767936668806845
10,7,168.4,2006.0,"[2015, 2019]","[2015, 2019]","[0.37, 0.25]","[False, False]",8.csv,193.4,2,0,8.168718843287836,0.5224618028821841,0.055244692649143785,0.0002147450291781467
11,2,192.1,2520.0,"[1115, 2691, 751]","[1115, 2691, 751]","[0.4, 0.38, 0.1]","[False, False, False]",8.csv,217.1,3,1,8.648956656084067,0.7216261448741265,0.0994255114355185,0.00014055724721104347
12,3,197.1,2520.0,"[1115, 2691, 751]","[1115, 2691, 751]","[0.43, 1.05, 0.45]","[False, False, False]",8.csv,222.1,3,1,9.242696540986781,0.7474770586496589,0.10252097447175382,5.5077347411493394e-05
13,0,253.2,2442.0,"[4020, 2670]","[4020, 2670]","[0.55, 0.53]","[False, False]",8.csv,278.2,2,0,11.690753895184137,0.3498182940824904,0.02976250626728924,0.00011712544943026468
14,1,258.2,2442.0,"[4020, 2670]","[4020, 2670]","[0.78, 1.07]","[False, False]",8.csv,283.2,2,0,11.793381044487429,0.3555997888276665,0.02990310161847853,0.00011976771816004419
15,2,263.2,2442.0,"[4020, 2670]","[4020, 2670]","[0.77, 0.85]","[False, False]",8.csv,288.2,2,0,11.884815844895936,0.3619418175262769,0.03009666146049381,0.0001246979778637282
16,2,401.0,4347.0,"[2698, 4562]","[2698, 4562]","[0.73, 0.7]","[False, False]",8.csv,426.0,2,0,4.038301483204483,0.8131485063575241,0.08205978145822533,0.00033570520969655255
17,3,406.0,4347.0,"[2698, 4562]","[2698, 4562]","[0.33, 0.26]","[False, False]",8.csv,431.0,2,0,2.7908898571649834,0.8039038166255746,0.10571043310735707,0.0005808903896436808
18,4,421.0,4347.0,"[2698, 4562]","[2698, 4562]","[0.26, 0.25]","[False, False]",8.csv,446.0,2,0,1.0546837269142215,0.7139624790980783,0.19360778109494864,0.0005738227062683714
19,5,426.0,4347.0,"[2698, 4562]","[2698, 4562]","[0.17, 0.34]","[False, False]",8.csv,451.0,2,0,0.9947810882314236,0.6540203069524684,0.19203701924393893,0.0007709234012201477
20,6,431.0,4347.0,"[2698, 4562]","[2698, 4562]","[0.42, 0.48]","[False, False]",8.csv,456.0,2,0,0.7405114966553712,0.5641346495289562,0.19650750184779806,0.0
21,0,324.5,4209.0,"[5403, 1788]","[5403, 1788]","[0.12, 0.63]","[False, False]",8.csv,349.5,2,1,13.281429910714273,1.1061321049061186,0.07276946175901809,0.00040812934245102736
22,1,356.6,4746.0,"[2006, 4681, 2348]","[2006, 4681, 2348]","[0.67, 0.96, 0.93]","[False, False, False]",8.csv,381.6,3,1,12.906546586715756,0.5336231256277234,0.052456051653258076,0.0001535794175036197
23,2,361.6,4746.0,"[2006, 4681, 2348]","[2006, 4681, 2348]","[0.9, 0.96, 0.79]","[False, False, False]",8.csv,386.6,3,1,12.793958413926378,0.5527110648081788,0.05586255884642435,0.00016250066702208613
24,3,366.6,4746.0,"[2006, 4681]","[2006, 4681]","[0.88, 0.57]","[False, False]",8.csv,391.6,2,1,12.708367886178735,0.5630571786281738,0.06352956484502904,0.0001848308129069215
25,4,371.6,4746.0,"[2006, 4681]","[2006, 4681]","[0.67, 0.61]","[False, False]",8.csv,396.6,2,1,12.47273019271936,0.5845879440581142,0.06924066404876082,0.00017264505937277143
26,6,381.6,4746.0,"[2006, 4681]","[2006, 4681]","[0.63, 0.87]","[False, False]",8.csv,406.6,2,1,12.050126498800815,0.6288160511911638,0.08277486168179969,0.000199831385241074
27,0,428.0,7107.0,"[6858, 6746]","[6858, 6746]","[0.75, 0.7]","[False, False]",8.csv,453.0,2,1,10.196122714404368,0.8004441230748285,0.13222107000296615,0.00013951785375431686
28,1,433.0,7107.0,"[6858, 6746]","[6858, 6746]","[0.59, 0.49]","[False, False]",8.csv,458.0,2,1,10.392591878043852,0.8334117072129256,0.13671521520376925,9.12834447511312e-05
29,2,438.0,7107.0,"[6858, 6746]","[6858, 6746]","[0.52, 0.55]","[False, False]",8.csv,463.0,2,1,10.394125613695076,0.8257087485536174,0.13324368643382317,0.00012842764957476932
30,3,443.0,7107.0,"[6858, 6746]","[6858, 6746]","[0.61, 0.61]","[False, False]",8.csv,468.0,2,1,10.352389794580432,0.7920618431429536,0.13030128823939788,0.0
31,0,441.1,5342.0,"[4746, 2006]","[4746, 2006]","[0.32, 0.23]","[False, False]",8.csv,466.1,2,1,9.552384937238394,1.1242069454411259,0.17952519929326355,0.00018251850273816992
32,1,446.1,5342.0,"[4746, 2006]","[4746, 2006]","[0.5, 0.24]","[False, False]",8.csv,471.1,2,1,9.8799907407405,1.1551169449886274,0.1846487553693261,0.00028177743837834045
33,2,451.1,5342.0,"[4746, 2006]","[4746, 2006]","[0.55, 0.46]","[False, False]",8.csv,476.1,2,1,9.985077338129269,1.2174683606515184,0.18717315964860803,0.000516339750754782
34,4,461.1,5342.0,"[4746, 2006]","[4746, 2006]","[0.21, 0.14]","[False, False]",8.csv,486.1,2,1,10.279641025640707,1.0441773571186164,0.22867384546101283,0.0
35,0,15.0,80.0,"[74, 79]","[74, 79]","[1.06, 0.79]","[False, False]",8.csv,40.0,2,0,12.841526629072721,1.1004376322538572,0.07255301910745836,0.00020298809290748653
36,1,20.0,80.0,"[74, 79]","[74, 79, 53]","[0.93, 1.1]","[False, False]",8.csv,45.0,2,0,11.96514142538977,1.0053555051635628,0.07358100234982491,0.00016855114500017172
37,2,320.0,80.0,"[74, 79]","[74, 79]","[1.23, 1.49]","[False, False]",8.csv,345.0,2,0,11.498242413793132,0.4573047340736438,0.039206714443653326,0.00015249917838792884
38,0,25.0,74.0,"[79, 53, 65, 62]","[79, 53, 65, 62]","[0.23, 0.88, 0.92, 1.43]","[False, False, True, True]",8.csv,50.0,4,1,11.292865856713423,0.887541082376284,0.06842388222232626,7.265610005025354e-05
39,1,30.0,74.0,"[79, 53, 65, 62]","[79, 53, 65, 62]","[0.47, 0.97, 0.84, 1.27]","[False, False, True, True]",8.csv,55.0,4,1,11.02372973588341,0.8547712786097442,0.07458284420963811,6.423187719901658e-05
40,2,35.0,74.0,"[79, 53, 65, 62]","[79, 53, 65, 62]","[0.23, 0.82, 0.72, 1.48]","[False, False, True, True]",8.csv,60.0,4,1,11.530464106844729,0.8643517617276462,0.07805699241805619,0.00017474142023294424
41,0,40.4,53.0,"[65, 62]","[65, 62]","[0.33, 0.47]","[True, True]",8.csv,65.4,2,0,10.787407110091726,0.8913472447931494,0.07991732723205637,0.0002393060023281939
42,1,45.4,53.0,"[65, 62]","[65, 62]","[0.36, 0.63]","[True, True]",8.csv,70.4,2,0,9.534012784090892,0.9079147672592301,0.08257460988630512,0.000253057006061665
43,2,50.4,53.0,"[65, 62]","[65, 62]","[0.35, 0.56]","[True, True]",8.csv,75.4,2,0,8.229954244031816,0.9071735141258025,0.08419909963840987,0.00023550399105535714
44,3,290.4,53.0,"[65, 62]","[65, 62]","[0.51, 0.96]","[True, True]",8.csv,315.4,2,0,13.385669745131736,0.3882346167935361,0.03292386031409533,0.00014135432876984046
45,4,295.4,53.0,"[65, 62]","[65, 62]","[0.47, 0.53]","[True, True]",8.csv,320.4,2,0,13.386534419221707,0.3959696130004959,0.033808083328441645,0.00014483488627371375
46,0,366.1,5082.0,"[3147, 3307]","[3147, 3307]","[1.2, 0.75]","[False, False]",8.csv,391.1,2,1,12.883439176954589,0.578429141951029,0.03597032606671982,0.00021387660915530638
47,0,15.0,93.0,"[95, 98, 81, 73, 78, 70]","[95, 98, 81, 73, 78, 70]","[0.45, 0.52, 0.62, 0.72, 1.02, 1.25]","[False, False, False, False, False, False]",8.csv,40.0,6,0,14.374104845446931,1.032405754593334,0.07082232611723077,0.00021377098133785322
48,1,20.0,93.0,"[95, 98, 81, 73, 70]","[95, 98, 81, 73, 78, 70]","[0.46, 0.62, 0.59, 1.24, 1.28]","[False, False, False, False, False]",8.csv,45.0,5,0,12.731546770601312,0.9535369489333474,0.07228040678755698,0.0001818558013071932
49,2,25.0,93.0,"[95, 98, 81, 73]","[95, 98, 81, 73, 78, 70]","[0.49, 0.72, 0.62, 1.21]","[False, False, False, False]",8.csv,50.0,4,0,11.942360971943865,0.8990299651521079,0.07856241666353984,0.00019995524729839618
50,3,30.0,93.0,"[95, 98, 81, 73]","[95, 98, 81, 73, 78, 70]","[0.39, 0.62, 0.78, 1.14]","[False, False, False, False]",8.csv,55.0,4,0,11.77944376138431,0.8970226688470709,0.0811828697588895,0.00027772867763295667
51,4,35.0,93.0,"[95, 98, 81, 73, 78, 70]","[95, 98, 81, 73, 78, 70]","[0.28, 0.51, 0.8, 0.91, 1.13, 1.31]","[False, False, False, False, False, False]",8.csv,60.0,6,0,11.73265962314328,0.8566821663212634,0.07821026666919144,0.00024285131709110818
52,5,40.0,93.0,"[95, 98, 81, 73, 78, 70]","[95, 98, 81, 73, 78, 70]","[0.35, 0.46, 0.37, 0.08, 0.09, 1.37]","[False, False, False, False, False, False]",8.csv,65.0,6,0,10.608155095946858,0.9043432714684443,0.0860437913364604,0.00027352151809414504
53,6,45.0,93.0,"[95, 98, 81, 73, 78]","[95, 98, 81, 73, 78]","[0.2, 0.41, 0.37, 0.11, 0.43]","[False, False, False, False, False]",8.csv,70.0,5,0,8.199744635193147,0.9669963746363549,0.08947188655161456,0.00025875243245024706
54,7,50.0,93.0,"[95, 98, 81, 73, 78]","[95, 98, 81, 73, 78]","[0.22, 0.4, 0.39, 0.5, 0.5]","[False, False, False, False, False]",8.csv,75.0,5,0,7.236861949265719,0.9603366024963369,0.09212604615881342,0.00024166110424115578
55,8,55.0,93.0,"[95, 98, 81, 73, 78]","[95, 98, 81, 73, 78]","[0.39, 0.19, 0.04, 0.5, 0.49]","[False, False, False, False, False]",8.csv,80.0,5,0,6.798520525657111,0.911157376658991,0.09775262933448219,0.00018286901007292524
56,9,60.0,93.0,"[95, 98, 81, 73, 78]","[95, 98, 81, 73, 78]","[0.34, 0.14, 0.09, 0.51, 0.49]","[False, False, False, False, False]",8.csv,85.0,5,0,6.109659128386389,0.8942318837812632,0.10547086760070441,0.00013220490225086728
57,10,65.0,93.0,"[95, 98, 81, 73, 78]","[95, 98, 81, 73, 78]","[0.36, 0.13, 0.15, 0.54, 0.51]","[False, False, False, False, False]",8.csv,90.0,5,0,5.386498553948894,0.8832521639439863,0.11587504706957544,0.00015472699568644065
58,11,70.0,93.0,"[95, 98, 81, 73, 78]","[95, 98, 81, 73, 78]","[0.34, 0.36, 0.08, 0.53, 0.5]","[False, False, False, False, False]",8.csv,95.0,5,0,4.66804257112756,0.8778002212449558,0.13250671039163978,0.00011502718010316315
59,12,75.0,93.0,"[95, 98, 81, 73]","[95, 98, 81, 73]","[0.22, 0.33, 0.23, 0.57]","[False, False, False, False]",8.csv,100.0,4,0,3.884897772772854,0.8213691286817846,0.15316109757400945,9.926510747205638e-05
60,13,80.0,93.0,"[95, 98, 81, 73, 78]","[95, 98, 81, 73, 78]","[0.09, 0.06, 0.1, 0.22, 0.12]","[False, False, False, False, False]",8.csv,105.0,5,0,3.2752562440420308,0.7800063200795369,0.1654333261126903,7.64726695847503e-05
61,14,85.0,93.0,"[95, 98, 81, 73, 78]","[95, 98, 81, 73, 78]","[0.58, 0.55, 0.69, 0.69, 0.66]","[False, False, False, False, False]",8.csv,110.0,5,0,3.0066841674250098,0.690015950560699,0.18039553612877626,7.8406706226378e-05
62,15,90.0,93.0,"[95, 98, 81, 73, 78]","[95, 98, 81, 73, 78]","[0.17, 0.13, 0.15, 0.16, 0.3]","[False, False, False, False, False]",8.csv,115.0,5,0,3.1212074847694398,0.6250835829238556,0.1853488870845311,4.687333554644524e-05
63,16,95.0,93.0,"[95, 98, 81, 73, 78]","[95, 98, 81, 73, 78]","[0.22, 0.25, 0.41, 0.5, 0.28]","[False, False, False, False, False]",8.csv,120.0,5,0,3.209081984987544,0.609484968362078,0.17558232267239265,0.00014642144586158725
64,17,100.0,93.0,"[95, 98, 81, 73, 78]","[95, 98, 81, 73, 78]","[0.46, 0.69, 0.65, 0.64, 0.53]","[False, False, False, False, False]",8.csv,125.0,5,0,3.397259367494049,0.6083092925980695,0.1615283884463358,0.00024780139837176854
65,18,105.0,93.0,"[95, 98, 81, 73, 78]","[95, 98, 81, 73, 78]","[0.37, 0.74, 0.71, 0.69, 0.36]","[False, False, False, False, False]",8.csv,130.0,5,0,3.570716705157867,0.5962128808610418,0.14180194363063628,0.0002870553051657359
66,19,110.0,93.0,"[95, 98, 81, 73, 78]","[95, 98, 81, 73, 78]","[0.31, 0.69, 0.7, 0.63, 0.35]","[False, False, False, False, False]",8.csv,135.0,5,0,3.7722082653818134,0.6070475093296823,0.13178173356497994,0.0002863247801818933
67,20,115.0,93.0,"[95, 98, 81, 73, 78]","[95, 98, 81, 73, 78]","[0.56, 0.92, 0.94, 0.75, 0.82]","[False, False, False, False, False]",8.csv,140.0,5,0,4.013566797712703,0.6226664086906301,0.1257285892961397,0.00029337204239479375
68,21,120.0,93.0,"[95, 98, 81, 73, 78]","[95, 98, 81, 73, 78]","[0.32, 0.69, 0.66, 0.55, 0.33]","[False, False, False, False, False]",8.csv,145.0,5,0,4.426345583160848,0.6218157335003232,0.11708927042297554,0.00027065102140552395
69,22,125.0,93.0,"[95, 98, 81, 73, 78]","[95, 98, 81, 73, 78]","[0.43, 0.82, 0.99, 0.73, 1.05]","[False, False, False, False, False]",8.csv,150.0,5,0,4.99030253502339,0.6149010940845567,0.1064989639843593,0.0002633017219466204
70,23,130.0,93.0,"[95, 98, 81, 73, 78]","[95, 98, 81, 73, 78]","[0.31, 0.27, 0.62, 0.79, 1.1]","[False, False, False, False, False]",8.csv,155.0,5,0,5.550238010000069,0.5759774018329404,0.0905123738460983,0.00021714904187222629
71,24,135.0,93.0,"[95, 98, 81, 73, 78]","[95, 98, 81, 73, 78]","[0.21, 0.25, 0.52, 0.68, 0.8]","[False, False, False, False, False]",8.csv,160.0,5,0,6.080835703955641,0.5352186585543659,0.07692898583800732,0.0001875717255462688
72,25,140.0,93.0,"[95, 98, 81, 73, 78]","[95, 98, 81, 73, 78]","[0.2, 0.36, 0.62, 0.7, 0.75]","[False, False, False, False, False]",8.csv,165.0,5,0,6.681477333609426,0.5013046422067243,0.06539035603693286,0.00018424703361750568
73,26,145.0,93.0,"[95, 98, 81, 73, 78]","[95, 98, 81, 73, 78]","[0.46, 0.51, 0.66, 0.69, 0.74]","[False, False, False, False, False]",8.csv,170.0,5,0,7.06430122171322,0.4793576304542112,0.05804410755743802,0.0001701903462734929
74,27,150.0,93.0,"[95, 98, 81, 73, 78]","[95, 98, 81, 73, 78]","[0.58, 0.43, 0.65, 0.64, 0.76]","[False, False, False, False, False]",8.csv,175.0,5,0,7.282779592803969,0.4849208237761022,0.05731972518221902,0.00017982875868640278
75,28,155.0,93.0,"[95, 98, 81, 73, 78]","[95, 98, 81, 73, 78]","[0.5, 0.43, 0.55, 0.36, 0.36]","[False, False, False, False, False]",8.csv,180.0,5,0,7.489866009779382,0.495839724707861,0.05777937599333837,0.00017633389793245683
76,29,160.0,93.0,"[95, 98, 81, 73, 78]","[95, 98, 81, 73, 78]","[0.77, 0.77, 0.81, 0.7, 0.72]","[False, False, False, False, False]",8.csv,185.0,5,0,7.711105068253069,0.5082566557185649,0.05842725610503475,0.00018220199714167717
77,30,165.0,93.0,"[95, 98, 81, 73, 78]","[95, 98, 81, 73, 78]","[0.89, 0.88, 0.96, 0.85, 0.86]","[False, False, False, False, False]",8.csv,190.0,5,0,7.939436026777509,0.5211530150988641,0.058881816837573694,0.00018901193980689783
78,31,170.0,93.0,"[95, 98, 81, 73, 78]","[95, 98, 81, 73, 78]","[0.88, 0.87, 0.97, 0.88, 0.87]","[False, False, False, False, False]",8.csv,195.0,5,0,8.170859255313342,0.53399721809248,0.059263050017412756,0.00019675647416139686
79,32,175.0,93.0,"[95, 98, 81, 73, 78]","[95, 98, 81, 73, 78]","[0.86, 0.84, 0.9, 0.88, 0.9]","[False, False, False, False, False]",8.csv,200.0,5,0,8.444087013600557,0.5481222472878036,0.05970568742933631,0.00019978479983047117
80,33,180.0,93.0,"[95, 98, 81, 73, 78]","[95, 98, 81, 73, 78]","[0.88, 0.87, 0.87, 0.89, 0.86]","[False, False, False, False, False]",8.csv,205.0,5,0,8.742009508766305,0.5632394629515642,0.06038892120740798,0.00020259299921969928
81,34,185.0,93.0,"[95, 98, 81, 73]","[95, 98, 81, 73, 78]","[1.4, 1.06, 0.98, 1.24]","[False, False, False, False]",8.csv,210.0,4,0,8.892364078439748,0.5866303733982864,0.06350753164580893,0.00019326901427475885
82,35,190.0,93.0,"[95, 98, 81, 73, 78]","[95, 98, 81, 73, 78]","[0.52, 0.57, 0.97, 1.19, 1.15]","[False, False, False, False, False]",8.csv,215.0,5,0,9.259927291547834,0.5945756755867653,0.062103654627259634,0.00020906268580721696
83,36,195.0,93.0,"[95, 98, 81, 73, 78]","[95, 98, 81, 73, 78]","[0.25, 0.35, 0.53, 1.05, 1.01]","[False, False, False, False, False]",8.csv,220.0,5,0,9.37781365199854,0.6090636019550205,0.06270995712935815,0.00020924468505910315
84,37,200.0,93.0,"[95, 98, 81, 73]","[95, 98, 81, 73]","[0.11, 0.34, 0.59, 1.05]","[False, False, False, False]",8.csv,225.0,4,0,9.247875374150018,0.6270898373447142,0.06552617651654566,0.00016409440177438068
85,38,205.0,93.0,"[95, 98, 81, 73]","[95, 98, 81, 73]","[0.18, 0.36, 0.61, 1.05]","[False, False, False, False]",8.csv,230.0,4,0,9.300969828445295,0.6378233998888512,0.0655242851158888,0.00013420324108556221
86,39,210.0,93.0,"[95, 98, 81, 73, 78]","[95, 98, 81, 73, 78]","[0.53, 0.58, 0.83, 1.18, 1.31]","[False, False, False, False, False]",8.csv,235.0,5,0,9.602859378848812,0.647543240470674,0.06390158634546807,0.0001452522386812174
87,40,215.0,93.0,"[95, 98, 81, 73, 78]","[95, 98, 81, 73, 78]","[1.03, 1.14, 1.08, 1.04, 1.04]","[False, False, False, False, False]",8.csv,240.0,5,0,9.758765058457199,0.6619190951609946,0.06391374219254851,0.00015740248551671395
88,41,220.0,93.0,"[95, 98, 81, 73, 78]","[95, 98, 81, 73, 78]","[0.95, 0.89, 0.85, 0.84, 0.6]","[False, False, False, False, False]",8.csv,245.0,5,0,9.874194640234512,0.6780692525763544,0.06411662348837942,0.00015994417995510857
89,42,225.0,93.0,"[95, 98, 81, 73, 78]","[95, 98, 81, 73, 78]","[0.42, 0.28, 0.47, 0.41, 0.79]","[False, False, False, False, False]",8.csv,250.0,5,0,10.000425127548276,0.6940174846615572,0.0638599680488161,0.00017456723595719487
90,43,230.0,93.0,"[95, 98, 81, 73, 78]","[95, 98, 81, 73, 78]","[0.41, 0.26, 0.42, 0.5, 0.4]","[False, False, False, False, False]",8.csv,255.0,5,0,10.293309037622171,0.71051454258705,0.06291786247964269,0.00019176793974174356
91,44,235.0,93.0,"[95, 98, 81, 73, 78]","[95, 98, 81, 73, 78]","[0.6, 0.38, 0.52, 0.34, 0.71]","[False, False, False, False, False]",8.csv,260.0,5,0,10.673367335222583,0.7288247461316021,0.06168531826172631,0.00021069638840117439
92,45,240.0,93.0,"[95, 98, 81, 73, 78]","[95, 98, 81, 73, 78]","[0.99, 0.93, 0.66, 0.6, 0.54]","[False, False, False, False, False]",8.csv,265.0,5,0,11.129840008274183,0.7506222648922755,0.06116948180958298,0.00023080101614274907
93,46,245.0,93.0,"[95, 98, 81, 73, 78]","[95, 98, 81, 73, 78]","[0.44, 0.47, 0.54, 0.53, 0.37]","[False, False, False, False, False]",8.csv,270.0,5,0,11.710919923781937,0.7745253620002494,0.06097627971419982,0.0002535989382722563
94,47,250.0,93.0,"[95, 98, 81, 73, 78]","[95, 98, 81, 73, 78]","[0.7, 0.74, 0.42, 0.5, 0.11]","[False, False, False, False, False]",8.csv,275.0,5,0,12.374081620903578,0.8004708233861767,0.060898532559615956,0.0002628713635666876
95,48,255.0,93.0,"[95, 98, 81, 73, 78]","[95, 98, 81, 73, 78]","[0.52, 0.65, 0.69, 0.9, 0.81]","[False, False, False, False, False]",8.csv,280.0,5,0,13.044479489254261,0.831323172245318,0.0614886905672281,0.0002919968210049772
96,49,260.0,93.0,"[95, 98, 81, 73, 78]","[95, 98, 81, 73, 78]","[0.52, 0.58, 0.85, 1.07, 1.18]","[False, False, False, False, False]",8.csv,285.0,5,0,13.721354836937746,0.8575142849030154,0.061860025706378205,0.0002875255941159558
97,0,265.0,98.0,"[81, 73]","[81, 73, 78]","[0.83, 1.42]","[False, False]",8.csv,290.0,2,0,14.643543479289878,0.8631020891179538,0.060881240216714046,0.0002889170376748888
98,0,273.3,19.0,"[1961, 284]","[1961, 284]","[1.22, 0.48]","[False, False]",8.csv,298.3,2,0,14.89791183465006,0.8056087111702783,0.05550095330297598,0.00034440230518958395
99,1,278.3,19.0,"[1961, 284]","[1961, 284]","[0.67, 0.5]","[False, False]",8.csv,303.3,2,0,15.135740513131609,0.838727838878208,0.05716331903342605,0.0003841151553864915
100,2,283.3,19.0,"[1961, 284]","[1961, 284]","[0.23, 0.63]","[False, False]",8.csv,308.3,2,0,15.448364599213132,0.8750604115056202,0.059203652877550035,0.00041874254405799825
101,3,288.3,19.0,"[1961, 284]","[1961, 284]","[0.35, 0.32]","[False, False]",8.csv,313.3,2,0,15.709686996576966,0.9136046686698839,0.06149019290489257,0.00041608675930713456
102,4,293.3,19.0,"[1961, 284]","[1961, 284]","[0.46, 0.38]","[False, False]",8.csv,318.3,2,0,15.910162883179972,0.9547807461097354,0.06415304644958075,0.00042877320177503496
103,5,298.3,19.0,"[1961, 284]","[1961, 284]","[0.95, 0.64]","[False, False]",8.csv,323.3,2,0,16.04162179346207,0.9924997396440663,0.0671440291863704,0.0004632289493330492
104,6,303.3,19.0,"[1961, 284]","[1961, 284]","[0.94, 0.8]","[False, False]",8.csv,328.3,2,0,16.185680058250927,1.0339862730928742,0.07017072420256676,0.00048100026872239626
105,7,308.3,19.0,"[1961, 284]","[1961, 284]","[0.8, 0.82]","[False, False]",8.csv,333.3,2,0,16.312293325148513,1.0725075986968187,0.07289956272849374,0.0005285343090638767
106,8,313.3,19.0,"[1961, 284]","[1961, 284]","[0.96, 0.69]","[False, False]",8.csv,338.3,2,0,16.457673819483617,1.10528186358553,0.07494229812758028,0.000550021759425435
107,0,275.0,81.0,"[73, 78]","[73, 78]","[0.74, 0.71]","[False, False]",8.csv,300.0,2,0,15.767856286124314,0.9368961877445229,0.06367894152626469,0.00029338374349810963
108,1,280.0,81.0,"[73, 78]","[73, 78]","[1.5, 0.78]","[False, False]",8.csv,305.0,2,0,15.979354095285835,0.9544061564750083,0.06435953042524054,0.0003727745752982368
109,3,290.0,81.0,"[73, 78]","[73, 78]","[0.47, 1.21]","[False, False]",8.csv,315.0,2,0,16.211765623329647,0.9838435851800447,0.06707366711567166,0.0004341899735607952
110,4,295.0,81.0,"[73, 78]","[73, 78]","[0.38, 0.8]","[False, False]",8.csv,320.0,2,0,16.56936009748107,1.0029817315048288,0.06840586774729082,0.0005212868565234582
111,0,15.0,94.0,"[85, 91, 103]","[85, 91, 103]","[0.78, 0.89, 1.18]","[False, False, False]",8.csv,40.0,3,0,11.217157268170402,0.983874119847444,0.06939845394106929,0.00016495948167594314
112,1,20.0,94.0,"[85, 91, 103]","[85, 91, 103]","[0.6, 0.66, 1.06]","[False, False, False]",8.csv,45.0,3,0,10.058409428359274,0.9406939045327515,0.07646908256344932,0.00014645508662560524
113,0,15.0,82.0,"[83, 77, 68, 69, 75]","[83, 77, 68, 66, 69, 75, 52, 57, 64, 61]","[0.39, 0.72, 1.1, 1.38, 1.37]","[False, False, False, False, False]",8.csv,40.0,5,0,13.139779197994965,1.0839362509606136,0.07118953860934253,0.00024076548501536304
114,1,20.0,82.0,"[83, 77, 68, 66, 69, 75]","[83, 77, 68, 66, 69, 75]","[0.57, 0.81, 0.71, 1.01, 0.75, 0.84]","[False, False, False, False, False, False]",8.csv,45.0,6,0,11.86226531180398,0.9981894120649353,0.07137853980396294,0.0001679692665112671
115,2,25.0,82.0,"[83, 77, 68, 66, 69, 75]","[83, 77, 68, 66, 69, 75]","[0.47, 1.39, 0.73, 0.87, 1.28, 0.86]","[False, False, False, False, False, False]",8.csv,50.0,6,0,10.913023129592501,0.9265151244270821,0.074844797949338,7.26860230643275e-05
116,3,175.0,82.0,"[83, 77, 68, 66, 69]","[83, 77, 68, 66, 69]","[0.32, 0.23, 0.57, 0.84, 1.26]","[False, False, False, False, False]",8.csv,200.0,5,0,7.0430627495639175,0.6639314841080379,0.10341948244264121,0.0002353920164849007
117,0,20.0,52.0,"[57, 64, 61]","[57, 64, 61]","[1.0, 1.34, 1.14]","[False, False, False]",8.csv,45.0,3,0,12.721091685226483,0.9302895216568876,0.0621453760403293,0.00020495144133081373
118,2,30.0,52.0,"[57, 64, 61]","[57, 64, 61]","[0.96, 1.41, 1.24]","[False, False, False]",8.csv,55.0,3,0,10.894236794171283,0.8164231034826009,0.07032101863505784,9.307467391916243e-05
119,4,45.0,52.0,"[57, 64]","[57, 64, 61]","[0.58, 0.99]","[False, False]",8.csv,70.0,2,0,10.021848354792562,0.8858010221723561,0.08046540842222996,0.00023587094830269923
120,5,50.0,52.0,"[57, 64, 61]","[57, 64, 61]","[0.73, 0.77, 0.64]","[False, False, False]",8.csv,75.0,3,0,9.225605585224741,0.8697645418020252,0.08138791252892706,0.00021024048043073485
121,0,25.0,85.0,"[91, 103]","[91, 103]","[0.28, 0.55]","[False, False]",8.csv,50.0,2,0,9.697930861723428,0.9133993378008699,0.0848640838221687,0.00025120103746078555
122,1,30.0,85.0,"[91, 103, 82]","[91, 103, 82, 83, 77, 68, 66, 69, 75]","[0.24, 0.49, 1.42]","[False, False, False]",8.csv,55.0,3,0,10.194014571948976,0.9291554273965671,0.08662800735209573,0.0002918514884213751
123,2,35.0,85.0,"[91, 103, 82, 83, 77, 68, 66, 69, 75]","[91, 103, 82, 83, 77, 68, 66, 69, 75]","[0.29, 0.45, 0.64, 1.07, 1.22, 0.92, 0.94, 0.98, 1.35]","[False, False, False, False, False, False, False, False, False]",8.csv,60.0,9,0,10.251697041365219,0.9254314734294353,0.08373236128565713,0.00021241086069420897
124,3,40.0,85.0,"[91, 103, 82, 83, 77, 68, 66, 69, 75, 52, 57, 64, 61]","[91, 103, 82, 83, 77, 68, 66, 69, 75, 52, 57, 64, 61]","[0.39, 0.53, 0.71, 1.07, 1.15, 0.96, 0.87, 0.94, 1.29, 0.64, 0.59, 1.11, 1.11]","[False, False, False, False, False, False, False, False, False, False, False, False, False]",8.csv,65.0,13,0,10.008382541187622,0.8569948302758775,0.07708304708489873,0.00017618478805725264
125,4,45.0,85.0,"[91, 103, 82, 83, 77, 68, 66, 69, 75]","[91, 103, 82, 83, 77, 68, 66, 69, 75]","[0.41, 0.39, 0.25, 0.67, 0.53, 0.41, 0.86, 0.65, 0.93]","[False, False, False, False, False, False, False, False, False]",8.csv,70.0,9,0,9.092008941344776,0.9615417953504906,0.08898021396209584,0.0002646776479959223
126,5,50.0,85.0,"[91, 103, 82, 83, 77, 68, 66, 69, 75]","[91, 103, 82, 83, 77, 68, 66, 69, 75]","[0.58, 0.35, 0.55, 0.57, 0.71, 0.73, 0.92, 0.7, 0.96]","[False, False, False, False, False, False, False, False, False]",8.csv,75.0,9,0,8.612003300697227,0.9345577206973567,0.0902317818903894,0.00021113269974586284
127,6,55.0,85.0,"[91, 103, 82, 83, 77, 68, 66, 69, 75, 52, 57, 64, 61]","[91, 103, 82, 83, 77, 68, 66, 69, 75, 52, 57, 64, 61]","[0.36, 0.35, 0.37, 0.92, 0.99, 0.85, 0.83, 0.7, 0.87, 0.88, 0.61, 0.67, 0.25]","[False, False, False, False, False, False, False, False, False, False, False, False, False]",8.csv,80.0,13,0,8.187007437181087,0.8462620006991781,0.08540613910557149,0.00016138387367993105
128,7,60.0,85.0,"[91, 103, 82, 83, 77, 68, 66, 69, 75, 52, 57, 64, 61]","[91, 103, 82, 83, 77, 68, 66, 69, 75, 52, 57, 64, 61]","[0.31, 0.36, 0.33, 0.76, 0.74, 0.67, 0.59, 0.68, 0.75, 0.66, 0.41, 0.67, 0.64]","[False, False, False, False, False, False, False, False, False, False, False, False, False]",8.csv,85.0,13,0,7.65106127117876,0.8245627702899233,0.091983238000418,0.0001184413417219296
129,8,65.0,85.0,"[91, 103, 82, 83, 77, 68, 66, 69, 75, 52, 57, 64, 61]","[91, 103, 82, 83, 77, 68, 66, 69, 75, 52, 57, 64, 61]","[0.56, 0.47, 0.54, 0.75, 0.73, 0.67, 0.43, 0.45, 0.44, 1.22, 0.68, 0.79, 0.34]","[False, False, False, False, False, False, False, False, False, False, False, False, False]",8.csv,90.0,13,0,7.26997137845469,0.7932682911611855,0.09584704330407645,0.00012937224289807686
130,9,70.0,85.0,"[91, 103, 82, 83, 77, 68, 66, 69, 75, 52, 57, 64, 61]","[91, 103, 82, 83, 77, 68, 66, 69, 75, 52, 57, 64, 61]","[0.38, 0.28, 0.36, 0.75, 0.77, 1.05, 1.42, 1.35, 1.06, 0.72, 0.47, 0.66, 0.18]","[False, False, False, False, False, False, False, False, False, False, False, False, False]",8.csv,95.0,13,0,6.925388202156109,0.7629698775481788,0.10283105484123621,0.00010953457055947617
131,10,75.0,85.0,"[91, 103, 82, 83, 77, 68, 66, 69, 75]","[91, 103, 82, 83, 77, 68, 66, 69, 75]","[0.24, 0.31, 0.52, 0.93, 0.78, 0.76, 0.78, 0.42, 0.4]","[False, False, False, False, False, False, False, False, False]",8.csv,100.0,9,0,6.730947763257628,0.7286461188687775,0.12684813207813872,8.868638193255875e-05
132,11,80.0,85.0,"[91, 103, 82, 83, 77, 68]","[91, 103, 82, 83, 77, 68]","[0.55, 0.57, 0.65, 1.09, 1.04, 1.11]","[False, False, False, False, False, False]",8.csv,105.0,6,0,6.3910986059286214,0.6601017852136455,0.13883902450041974,0.00010961011674413646
133,12,85.0,85.0,"[91, 103, 82, 69]","[91, 103, 82, 83, 77, 68, 66, 69, 75, 52, 57]","[0.28, 0.5, 0.97, 1.46]","[False, False, False, False]",8.csv,110.0,4,0,5.9609231483169225,0.6271280482243953,0.14263245739856156,0.00010199324780904681
134,13,90.0,85.0,"[91, 103, 82, 83, 77, 68]","[91, 103, 82, 83, 77, 68, 66, 69, 75]","[0.64, 0.45, 0.56, 0.75, 0.71, 1.32]","[False, False, False, False, False, False]",8.csv,115.0,6,0,5.555409368873771,0.570599033992826,0.1491649631292508,8.429780340731889e-05
135,14,95.0,85.0,"[91, 103, 82, 83]","[91, 103, 82, 83, 77, 68, 66, 69, 75]","[0.44, 0.49, 0.83, 1.29]","[False, False, False, False]",8.csv,120.0,4,0,4.972856865598194,0.507193374761604,0.15645686980583895,5.016572714051525e-05
136,15,100.0,85.0,"[91, 103, 82, 83, 77, 68]","[91, 103, 82, 83, 77, 68, 66, 69, 75]","[0.23, 0.48, 0.57, 0.56, 0.5, 1.47]","[False, False, False, False, False, False]",8.csv,125.0,6,0,4.778247420981732,0.5149340858442257,0.16071684261235103,4.652862284855927e-05
137,16,105.0,85.0,"[91, 103, 82, 83, 77, 68, 69, 75]","[91, 103, 82, 83, 77, 68, 66, 69, 75]","[0.24, 0.34, 0.38, 0.55, 0.67, 1.45, 1.37, 1.41]","[False, False, False, False, False, False, False, False]",8.csv,130.0,8,0,4.859978715765567,0.5142168662402778,0.1242467215825342,0.00021277491772634668
138,17,110.0,85.0,"[91, 103, 82, 83, 77, 68, 75]","[91, 103, 82, 83, 77, 68, 66, 69, 75, 52, 57]","[0.42, 0.29, 0.46, 0.85, 0.7, 0.76, 1.37]","[False, False, False, False, False, False, False]",8.csv,135.0,7,0,4.807551962800077,0.4994837968987905,0.11279125004744757,0.00018594007591072792
139,18,115.0,85.0,"[91, 103, 82, 75, 52]","[91, 103, 82, 83, 77, 68, 66, 69, 75, 52, 57]","[0.36, 0.96, 1.22, 1.46, 1.05]","[False, False, False, False, False]",8.csv,140.0,5,0,5.273447756077316,0.48344727824530404,0.10930852759403334,0.00017747316997253825
140,19,120.0,85.0,"[91, 103, 82, 83, 68, 66, 69]","[91, 103, 82, 83, 77, 68, 66, 69, 75]","[0.66, 1.14, 0.86, 1.27, 1.08, 1.09, 1.01]","[False, False, False, False, False, False, False]",8.csv,145.0,7,0,4.9256708583251365,0.5003292429821399,0.13666475612983844,9.450737764627595e-05
141,20,125.0,85.0,"[91, 103, 83]","[91, 103, 82, 83, 77, 68, 66, 69, 75]","[0.57, 1.23, 1.19]","[False, False, False]",8.csv,150.0,3,0,4.746735226301517,0.4944083561625636,0.1586623039119214,0.00012171554900995085
142,21,130.0,85.0,"[91, 103, 82, 83, 77, 68, 66, 69]","[91, 103, 82, 83, 77, 68, 66, 69, 75, 52, 57]","[0.67, 1.27, 1.41, 1.11, 1.1, 1.11, 1.31, 1.27]","[False, False, False, False, False, False, False, False]",8.csv,155.0,8,0,5.164573874219492,0.5209784931988737,0.13382985090344135,0.00011502103599273017
143,22,135.0,85.0,"[91, 103, 82, 83, 68]","[91, 103, 82, 83, 77, 68, 66, 69, 75, 52, 57]","[0.64, 1.26, 1.32, 1.37, 1.46]","[False, False, False, False, False]",8.csv,160.0,5,0,5.4699045943655715,0.5452693990570713,0.15751669428823262,0.00012593779275493303
144,23,140.0,85.0,"[91, 103, 82, 83, 77, 68, 69]","[91, 103, 82, 83, 77, 68, 66, 69, 75, 52, 57]","[0.71, 1.45, 1.29, 1.06, 1.11, 1.19, 1.31]","[False, False, False, False, False, False, False]",8.csv,165.0,7,0,5.732023438985264,0.5442551669319224,0.12591739326006465,0.00014576724829689418
145,24,145.0,85.0,"[91, 103, 82, 83, 77, 68, 66, 69]","[91, 103, 82, 83, 77, 68, 66, 69, 75, 52, 57]","[0.66, 1.19, 1.32, 1.01, 1.14, 0.97, 1.14, 1.28]","[False, False, False, False, False, False, False, False]",8.csv,170.0,8,0,6.076386663453088,0.5640579663175392,0.12498079215051192,0.0001588166874013748
146,25,150.0,85.0,"[91, 103, 82, 83, 77, 68, 66, 69, 75, 52]","[91, 103, 82, 83, 77, 68, 66, 69, 75, 52, 57]","[0.55, 1.04, 1.43, 0.91, 0.82, 0.87, 0.84, 0.95, 1.31, 1.5]","[False, False, False, False, False, False, False, False, False, False]",8.csv,175.0,10,0,6.321764109439864,0.5459047245915108,0.09419674922611537,0.0002745131033092127
147,26,155.0,85.0,"[91, 103, 82, 83, 77, 68, 66, 69, 75, 57]","[91, 103, 82, 83, 77, 68, 66, 69, 75, 52, 57]","[0.44, 0.47, 0.49, 0.29, 0.33, 0.38, 0.56, 0.55, 0.95, 1.36]","[False, False, False, False, False, False, False, False, False, False]",8.csv,180.0,10,0,6.383507110664366,0.5703553309181657,0.09593601923861692,0.0002625237400064769
148,27,160.0,85.0,"[91, 103, 82, 83, 77, 68, 66, 69, 75]","[91, 103, 82, 83, 77, 68, 66, 69, 75, 52, 57]","[0.54, 0.81, 0.45, 0.23, 0.23, 0.26, 0.34, 0.37, 0.81]","[False, False, False, False, False, False, False, False, False]",8.csv,185.0,9,0,6.427390569108288,0.5896146783785197,0.09001539843691035,0.00025778660109576266
149,28,165.0,85.0,"[91, 103, 82, 83, 77, 68, 66, 69, 75]","[91, 103, 82, 83, 77, 68, 66, 69, 75, 52, 57]","[0.29, 0.29, 0.45, 0.63, 0.29, 0.27, 0.55, 0.83, 0.98]","[False, False, False, False, False, False, False, False, False]",8.csv,190.0,9,0,6.748131163637623,0.6037682408929924,0.08844080735154478,0.00022407611960267932
150,0,80.0,66.0,"[69, 75]","[69, 75, 52, 57]","[0.28, 0.34]","[False, False]",8.csv,105.0,2,0,6.751627979027642,0.6722034388439972,0.13619654314553975,9.462693194298596e-05
151,0,170.0,103.0,"[82, 83, 77, 68, 66, 69]","[82, 83, 77, 68, 66, 69]","[0.15, 0.26, 0.26, 0.42, 0.7, 0.97]","[False, False, False, False, False, False]",8.csv,195.0,6,0,6.881010131144883,0.6418137287224952,0.1056331130218035,0.00018551653147489195
152,0,180.0,77.0,"[68, 66, 69]","[68, 66, 69]","[0.48, 0.84, 1.3]","[False, False, False]",8.csv,205.0,3,0,7.195829290391832,0.6816915562096587,0.10270553933755752,0.00015930749082915688
153,0,185.0,68.0,"[66, 69]","[66, 69]","[0.4, 0.88]","[False, False]",8.csv,210.0,2,0,7.196206709549767,0.6817930677911035,0.09777433959059081,0.00023413395495831105
154,0,424.1,6931.0,"[6968, 6886]","[6968, 6886]","[0.59, 0.6]","[False, False]",8.csv,449.1,2,0,3.772820904645487,0.9931584092112519,0.1726932444102888,0.0003055976719346824
155,1,429.1,6931.0,"[6968, 6886]","[6968, 6886]","[0.38, 0.38]","[False, False]",8.csv,454.1,2,0,3.9797228412256347,1.072427403988658,0.18207016617991084,0.0003773474946733908
156,3,439.1,6931.0,"[6968, 6886]","[6968, 6886]","[1.0, 1.22]","[False, False]",8.csv,464.1,2,0,4.109384652509656,1.1202160314291545,0.18895633319079458,0.0003428090224796713
157,4,444.1,6931.0,"[6968, 6886]","[6968, 6886]","[0.72, 1.11]","[False, False]",8.csv,469.1,2,0,3.7517296650717604,1.1771961104257178,0.18624853386517695,0.0005818448418156119
158,5,449.1,6931.0,"[6968, 6886]","[6968, 6886]","[0.2, 0.88]","[False, False]",8.csv,474.1,2,0,4.208018081761008,1.274619949809726,0.17795081702202598,0.0009215474729260825
159,6,454.1,6931.0,"[6968, 6886]","[6968, 6886]","[0.37, 0.94]","[False, False]",8.csv,479.1,2,0,5.525275229357831,1.2801963112035708,0.16683778303411317,0.0014596481455303053
160,7,459.1,6931.0,"[6968, 6886]","[6968, 6886]","[0.2, 0.88]","[False, False]",8.csv,484.1,2,0,5.961103813559426,1.172552410820853,0.15674386101020257,0.0
0,0,5.0,11.0,"[26, 31]","[26, 31, 27]","[0.23, 0.92]","[False, False]",9.csv,30.0,2,0,31.195018394648834,0.8694849075968645,0.03942689712440159,0.00043460854631568053
1,1,10.0,11.0,"[26, 31]","[26, 31, 27]","[0.39, 0.91]","[False, False]",9.csv,35.0,2,0,31.4048908467652,0.868426591123035,0.03621691398541715,0.00029661682215738854
2,1,20.0,26.0,"[31, 27]","[31, 27]","[0.54, 1.13]","[False, False]",9.csv,45.0,2,0,30.82323992386247,0.9058554672597349,0.03660391927544631,0.00016493204840243157
3,2,25.0,26.0,"[31, 27]","[31, 27]","[0.55, 0.55]","[False, False]",9.csv,50.0,2,0,30.34086201129526,0.9373166615455564,0.037554532051382865,0.00026249672915691657
4,3,30.0,26.0,"[31, 27]","[31, 27]","[0.46, 0.59]","[False, False]",9.csv,55.0,2,0,30.05414186367616,0.9796118973755695,0.03786036581617784,0.00031576618695727967
5,4,35.0,26.0,"[31, 27]","[31, 27]","[0.41, 0.57]","[False, False]",9.csv,60.0,2,0,29.578516828380835,0.9391461714891939,0.03469314096354987,0.0003682923669166652
6,10,115.9,28.0,"[24, 30]","[24, 30]","[0.39, 0.73]","[True, True]",9.csv,140.9,2,0,26.365310869565217,0.46198191206149936,0.015251888510093282,0.00037719247115447464
7,15,150.9,28.0,"[24, 30]","[24, 30]","[0.34, 0.76]","[True, True]",9.csv,175.9,2,0,24.79805369318182,0.8491371729849406,0.030497271635080373,0.0010268441627973182
8,2,45.0,30.0,"[44, 39]","[44, 39]","[1.02, 1.29]","[False, False]",9.csv,70.0,2,1,25.625412017167385,0.35973640021464814,0.012993219764166284,0.00011492612882128382
9,3,50.0,30.0,"[44, 39]","[44, 39]","[1.14, 1.39]","[False, False]",9.csv,75.0,2,1,25.991534712950603,0.31562067558903734,0.011095075511379695,0.00010558693863132562
10,0,5.0,38.0,"[37, 40]","[37, 40]","[0.28, 0.35]","[False, False]",9.csv,30.0,2,0,20.5211881270903,1.1163575220122193,0.06241299695244371,0.0008577498331795113
11,0,5.0,42.0,"[47, 45, 48]","[47, 45, 48]","[0.42, 0.23, 0.36]","[False, False, False]",9.csv,30.0,3,0,19.47301114827202,1.0381393130479002,0.07057558072652756,0.0009201509873080516
12,2,15.0,42.0,"[47, 45, 48]","[47, 45, 48]","[1.24, 1.47, 1.27]","[False, False, False]",9.csv,40.0,3,0,20.040897476803107,0.8667899175326328,0.04127132682248794,0.0004889323962121778
13,0,20.0,47.0,"[45, 48]","[45, 48]","[0.59, 0.43]","[False, False]",9.csv,45.0,2,0,19.85616445257348,0.8207431226621126,0.03919611317484514,0.0004174980987911785
14,1,25.0,47.0,"[45, 48]","[45, 48]","[1.18, 0.96]","[False, False]",9.csv,50.0,2,0,19.749946384878886,0.7945423204130423,0.03741517270888071,0.0002888459035683018
15,2,30.0,47.0,"[45, 48]","[45, 48]","[1.36, 1.05]","[False, False]",9.csv,55.0,2,0,20.123350834673225,0.770138529973439,0.035138402801991174,0.00014342205225302516
