,Unnamed: 0.1,Unnamed: 0,time,leader,platoon compo,string compo,platoon DTW,ACC,run,duration,length,heavy in platoon,mean speed,Flow,Density,LC Density,CF DTW,difference
0,0,0,5.0,61.0,"[74, 86, 98]","[74, 86, 98, 93]","[0.69, 0.39, 1.41]","[False, False, False]",1.csv,30.0,3,0,30.46901923076923,1.1704421591640977,0.0555961033132529,0.0005815998951783,[1.2134352  0.32113715 0.44731136],[0.         0.06886285 0.96268864]
1,1,1,10.0,61.0,"[74, 86]","[74, 86, 98, 93]","[1.42, 1.31]","[False, False]",1.csv,35.0,2,0,30.971666189111748,1.0432582962091583,0.0423330460894073,0.0003920564217156,[0.15924221 0.92304292],[0.         0.38695708]
2,2,2,15.0,61.0,"[74, 86]","[74, 86, 98, 93]","[0.7, 0.66]","[False, False]",1.csv,40.0,2,0,30.80611998746867,0.9782759410789144,0.036789791021856,0.0002408568630165,[0.16348553 0.38665227],[0.         0.27334773]
3,3,3,20.0,61.0,"[74, 86]","[74, 86, 98, 93]","[0.9, 0.86]","[False, False]",1.csv,45.0,2,0,31.032920371430517,0.9050580256774622,0.0326741827133921,0.0001831792517442,[0.30210411 0.59313464],[0.         0.26686536]
4,4,0,5.0,144.0,"[134, 130, 146, 143]","[134, 130, 146, 143]","[1.15, 0.67, 0.09, 0.66]","[False, False, False, False]",1.csv,30.0,4,0,31.23922575250836,1.0467647439456975,0.0582276573445347,0.0006162308958041,[1.37521122 0.23998953 0.17088982 0.39994447],[0.         0.43001047 0.08088982 0.26005553]
5,5,0,10.0,134.0,"[130, 146]","[130, 146]","[0.1, 0.04]","[False, False]",1.csv,35.0,2,0,31.64777471346705,1.0845405706995277,0.0487689521031783,0.0004728140631973,[0.13697532 0.03731385],[0.         0.00268615]
6,6,1,15.0,134.0,"[130, 146]","[130, 146]","[0.2, 0.26]","[False, False]",1.csv,40.0,2,0,31.24043671679198,1.0634239954091562,0.0424470072583939,0.0003248814214654,[0.10752726 0.43969327],[0.         0.17969327]
7,7,2,20.0,134.0,"[130, 146]","[130, 146]","[0.47, 0.49]","[False, False]",1.csv,45.0,2,0,30.91617232739432,0.9928445514203836,0.0374612825639473,0.0002209562009178,[0.18320438 0.62943251],[0.         0.13943251]
8,8,3,25.0,134.0,"[130, 146]","[130, 146]","[0.84, 1.0]","[False, False]",1.csv,50.0,2,0,30.88290756513026,0.9239609900056204,0.0336314805574472,0.0002402349550302,[0.17166813 0.96255595],[0.         0.03744405]
9,9,4,30.0,134.0,"[130, 146]","[130, 146]","[1.05, 1.36]","[False, False]",1.csv,55.0,2,0,31.13216302367951,0.8346350354526243,0.0301364072729511,0.0002102797422644,[0.185305   0.87499675],[0.         0.48500325]
10,10,5,35.0,134.0,"[130, 146]","[130, 146]","[0.86, 1.07]","[False, False]",1.csv,60.0,2,0,31.75553693656102,0.730000855755542,0.0259488478564864,0.0001763907814321,[0.27039197 0.87378647],[0.         0.19621353]
11,11,7,45.0,134.0,"[130, 146]","[130, 146]","[1.2, 1.37]","[False, False]",1.csv,70.0,2,0,32.02264538626602,0.5886992524959344,0.020483094575435,0.0001617643092647,[0.60083411 1.27127327],[0.         0.09872673]
12,12,2,35.0,74.0,"[86, 98]","[86, 98, 93]","[0.54, 1.48]","[False, False]",1.csv,60.0,2,0,30.56129608625529,0.9124095982880592,0.0330622728057961,0.0002088253453705,[0.783019  0.6837139],[0.        0.7962861]
13,13,3,40.0,74.0,"[86, 98]","[86, 98, 93]","[0.77, 1.48]","[False, False]",1.csv,65.0,2,0,30.28499020827905,0.9794164522052774,0.0357833912555988,0.0002686104685769,[0.85873267 0.75447019],[0.         0.72552981]
14,14,0,5.1,229.0,"[69, 159]","[69, 159]","[0.25, 0.66]","[False, False]",1.csv,30.1,2,0,28.45308446029083,1.1654392008762984,0.0542011126709024,0.000598136244299,[0.36837718],[0]
15,15,1,10.1,229.0,"[69, 159]","[69, 159]","[0.28, 0.66]","[False, False]",1.csv,35.1,2,0,28.789776785714288,1.1027352449600143,0.0446314217015019,0.0004223691359973,[0.33063934],[0]
16,16,2,15.1,229.0,"[69, 159]","[69, 159]","[0.27, 0.63]","[False, False]",1.csv,40.1,2,0,28.969908437500003,1.036890986049665,0.0390021576127936,0.0002567774322125,[0.26039458],[0]
17,17,3,20.1,229.0,"[69, 159]","[69, 159]","[0.3, 0.65]","[False, False]",1.csv,45.1,2,0,29.174601388888888,0.9633872533267096,0.0348150305300787,0.0001942704488565,[0.26718265],[0]
18,18,0,5.0,105.0,"[9, 8, 12]","[9, 8, 12]","[0.37, 0.4, 0.5]","[True, True, True]",1.csv,30.0,3,0,25.512032608695648,1.2707283433526655,0.0646691534049811,0.0006929287818573,[0.05437451 0.06468279 0.25777338],[0.         0.33531721 0.24222662]
19,19,1,15.0,105.0,"[9, 8, 12]","[9, 8, 12]","[0.14, 0.5, 0.59]","[True, True, True]",1.csv,40.0,3,0,25.354937343358568,1.1723066033648448,0.0454578579786592,0.0003447259199594,[0.15167096 0.33384825 0.11079459],[0.         0.16615175 0.47920541]
20,20,2,20.0,105.0,"[9, 8, 12]","[9, 8, 12]","[0.13, 0.43, 0.44]","[True, True, True]",1.csv,45.0,3,0,25.49411135857476,1.080656576447382,0.0399329907932748,0.0002129986707556,[0.06811838 0.33325246 0.10893253],[0.         0.09674754 0.33106747]
21,21,3,25.0,105.0,"[9, 8, 12]","[9, 8, 12]","[0.16, 0.37, 0.4]","[True, True, True]",1.csv,50.0,3,0,25.753037575150437,0.9957953521721024,0.0355470888661882,0.0002471064663049,[0.08626005 0.20168332 0.15344231],[0.         0.16831668 0.24655769]
22,22,4,30.0,105.0,"[9, 8, 12]","[9, 8, 12]","[0.31, 0.39, 0.38]","[True, True, True]",1.csv,55.0,3,0,25.66058060109296,0.9224885475660712,0.0329232110942947,0.0002270842652667,[0.04900079 0.14240936 0.15951322],[0.         0.24759064 0.22048678]
23,23,5,35.0,105.0,"[9, 8, 12]","[9, 8, 12]","[0.35, 0.41, 0.47]","[True, True, True]",1.csv,60.0,3,0,25.565643989983418,0.8353899420080302,0.029852644391298,0.0002122199436654,[0.05558994 0.15994869 0.18027753],[0.         0.25005131 0.28972247]
24,24,6,40.0,105.0,"[9, 8, 12]","[9, 8, 12]","[0.24, 0.43, 0.64]","[True, True, True]",1.csv,65.0,3,0,25.600454802259986,0.7673450483914391,0.0271132740991542,0.0002361783458114,[0.23349997 0.32338848 0.20406919],[0.         0.10661152 0.43593081]
25,25,7,45.0,105.0,"[9, 8, 12]","[9, 8, 12]","[0.25, 0.56, 0.78]","[True, True, True]",1.csv,70.0,3,0,25.69678302336676,0.7094488292896696,0.0249008590824448,0.0002021830065154,[0.08872937 0.28384108 0.13264545],[0.         0.27615892 0.64735455]
26,26,8,50.0,105.0,"[9, 8, 12]","[9, 8, 12]","[0.12, 0.12, 0.13]","[True, True, True]",1.csv,75.0,3,0,26.06316099243436,0.6494577070750475,0.022492864417827,0.0001662239025827,[0.05418336 0.04218643 0.11245031],[0.         0.07781357 0.01754969]
27,27,9,55.0,105.0,"[9, 8, 12]","[9, 8, 12]","[0.27, 0.29, 0.29]","[True, True, True]",1.csv,80.0,3,0,26.38500500625778,0.59256830520507,0.0202488493999284,0.0001617463784497,[0.03155589 0.05699568 0.19255297],[0.         0.23300432 0.09744703]
28,28,10,60.0,105.0,"[9, 8, 12]","[9, 8, 12]","[0.41, 0.75, 0.86]","[True, True, True]",1.csv,85.0,3,0,26.594957891637097,0.5356424534608285,0.0181605711894069,0.0001417728046359,[0.08267032 0.18566248 0.2260147 ],[0.         0.56433752 0.6339853 ]
29,29,11,65.0,105.0,"[9, 8, 12]","[9, 8, 12]","[0.13, 0.46, 0.58]","[True, True, True]",1.csv,90.0,3,0,26.74348563218376,0.4867318749943435,0.0163420395839331,0.0001163797150258,[0.10834608 0.26585355 0.04669589],[0.         0.19414645 0.53330411]
30,30,12,70.0,105.0,"[9, 8, 12]","[9, 8, 12]","[0.33, 0.43, 0.47]","[True, True, True]",1.csv,95.0,3,0,26.838874253600107,0.4433833882933773,0.0147825477570597,0.0001122977855609,[0.0246106  0.13242104 0.16706612],[0.         0.29757896 0.30293388]
31,31,13,75.0,105.0,"[9, 8, 12]","[9, 8, 12]","[0.15, 0.35, 0.52]","[True, True, True]",1.csv,100.0,3,0,27.015538719791035,0.4043300477215428,0.0133937528653861,0.0001038879415581,[0.08592517 0.21716094 0.07301064],[0.         0.13283906 0.44698936]
32,32,14,80.0,105.0,"[9, 8, 12]","[9, 8, 12]","[0.14, 0.16, 0.34]","[True, True, True]",1.csv,105.0,3,0,27.11848004236134,0.4173499613111028,0.0137257293530217,0.0001020469975095,[0.12144201 0.14786086 0.05498084],[0.         0.01213914 0.28501916]
33,33,15,85.0,105.0,"[9, 8, 12]","[9, 8, 12]","[0.44, 0.56, 0.76]","[True, True, True]",1.csv,110.0,3,0,27.298964793627828,0.4318378282688274,0.0141600742590976,0.0001083990246621,[0.12207245 0.14125944 0.26845729],[0.         0.41874056 0.49154271]
34,34,16,90.0,105.0,"[9, 8, 12]","[9, 8, 12]","[0.32, 0.68, 0.9]","[True, True, True]",1.csv,115.0,3,0,27.480000398713617,0.4477418950211559,0.0146349018197064,0.0001155439866309,[0.14172101 0.24794866 0.2072597 ],[0.         0.43205134 0.6927403 ]
35,35,17,95.0,105.0,"[9, 8, 12]","[9, 8, 12]","[0.47, 0.71, 0.9]","[True, True, True]",1.csv,120.0,3,0,27.63887323317556,0.4644314261575829,0.0151661489749488,0.0001125419187811,[0.15760555 0.28546621 0.36183643],[0.         0.42453379 0.53816357]
36,36,18,100.0,105.0,"[9, 8, 12]","[9, 8, 12]","[0.15, 0.32, 0.62]","[True, True, True]",1.csv,125.0,3,0,27.768778376723088,0.4838119799050733,0.0157867340594565,0.0001081457442822,[0.20869803 0.21358497 0.12330626],[0.         0.10641503 0.49669374]
37,37,19,105.0,105.0,"[9, 8, 12]","[9, 8, 12]","[0.36, 0.77, 0.83]","[True, True, True]",1.csv,130.0,3,0,27.891533551758783,0.5069232875417513,0.016485991813721,0.0001162930381004,[0.25508317 0.40471217 0.41322859],[0.         0.36528783 0.41677141]
38,38,20,110.0,105.0,"[9, 8, 12]","[9, 8, 12]","[0.33, 0.49, 0.65]","[True, True, True]",1.csv,135.0,3,0,28.053428225492127,0.5303273261837556,0.0172498637918808,0.0001340055450913,[0.22145102 0.21896089 0.30710605],[0.         0.27103911 0.34289395]
39,39,21,115.0,105.0,"[9, 8, 12]","[9, 8, 12]","[0.4, 0.53, 0.56]","[True, True, True]",1.csv,140.0,3,0,28.143979725817218,0.5569877668565312,0.0181480967252793,0.0001468213423651,[0.19567641 0.20811329 0.35902528],[0.         0.32188671 0.20097472]
40,40,22,120.0,105.0,"[9, 8, 12]","[9, 8, 12]","[0.44, 0.73, 0.85]","[True, True, True]",1.csv,145.0,3,0,28.13028952583186,0.5885319980020729,0.0192260051417279,0.0001746442664118,[0.23990657 0.21042113 0.42271482],[0.         0.51957887 0.42728518]
41,41,23,125.0,105.0,"[9, 8, 12]","[9, 8, 12]","[0.51, 0.8, 0.83]","[True, True, True]",1.csv,150.0,3,0,28.07539987126276,0.6227833328289427,0.0204530421316965,0.0001833341706626,[0.21451119 0.21982542 0.43606718],[0.         0.58017458 0.39393282]
42,42,24,130.0,105.0,"[9, 8, 12]","[9, 8, 12]","[0.43, 1.12, 1.01]","[True, True, True]",1.csv,155.0,3,0,27.997787213908516,0.6673680860659426,0.0220186108627622,0.0001920582979068,[0.25281307 0.60552777 0.37597723],[0.         0.51447223 0.63402277]
43,43,25,135.0,105.0,"[9, 8, 12]","[9, 8, 12]","[0.38, 1.06, 0.95]","[True, True, True]",1.csv,160.0,3,0,27.96950918952884,0.7259798609878109,0.0240440492245394,0.0002433160455105,[0.27731315 0.50296825 0.69422689],[0.         0.55703175 0.25577311]
44,44,26,140.0,105.0,"[9, 8]","[9, 8, 12]","[0.71, 0.97]","[True, True]",1.csv,165.0,2,0,27.801272916666058,0.8385355193903862,0.027894835855191,0.0002905375797902,[0.70277531 0.84897679],[0.         0.12102321]
45,45,27,145.0,105.0,"[9, 8]","[9, 8]","[1.01, 1.04]","[True, True]",1.csv,170.0,2,0,27.80541653220571,0.9315001417330272,0.0312372923586274,0.000357201742237,[0.77700369 0.98846722],[0.         0.05153278]
46,46,28,150.0,105.0,"[9, 8]","[9, 8]","[1.46, 1.24]","[True, True]",1.csv,175.0,2,0,27.7785902664315,1.0464772549403076,0.0354231487742152,0.0005265425310176,[0.7773113  0.97473459],[0.         0.26526541]
47,0,0,5.0,94.0,"[97, 104, 108]","[97, 104, 108]","[0.27, 0.45, 0.85]","[False, False, False]",11.csv,30.0,3,0,23.087092530657756,1.2945085753340568,0.0885486936978194,0.0004132639718317,[0.32907876 0.2661666  0.18363158],[0.         0.1838334  0.66636842]
48,1,0,10.0,97.0,"[104, 108]","[104, 108]","[0.33, 0.49]","[False, False]",11.csv,35.0,2,0,23.76669699140401,1.2023989467691445,0.073992309352925,0.0004936111364437,[0.34088969 0.49263544],[0.         0.00263544]
49,2,1,15.0,97.0,"[104, 108]","[104, 108]","[0.56, 0.54]","[False, False]",11.csv,40.0,2,0,24.71869782153729,1.1596008289550648,0.0678789508274119,0.0004851219110642,[0.2521327  0.38152995],[0.         0.15847005]
50,3,2,20.0,97.0,"[104, 108]","[104, 108]","[0.55, 0.55]","[False, False]",11.csv,45.0,2,0,25.27836578341014,1.2804150873715732,0.0743107459182181,0.0005772570641988,[0.30396203 0.43912665],[0.         0.11087335]
51,4,3,25.0,97.0,"[104, 108]","[104, 108]","[0.41, 0.22]","[False, False]",11.csv,50.0,2,0,25.484191727140782,1.3994883070174422,0.0800805148784535,0.0005528301249567,[0.55782057 0.47628064],[0.         0.25628064]
52,5,4,30.0,97.0,"[104, 108]","[104, 108]","[0.43, 0.17]","[False, False]",11.csv,55.0,2,0,26.541534634551496,1.5228484725110132,0.0821940955507429,0.0005391544476926,[0.34528681 0.39559513],[0.         0.22559513]
53,6,5,35.0,97.0,"[104, 108]","[104, 108]","[0.39, 0.23]","[False, False]",11.csv,60.0,2,0,27.40719308712121,1.5544860741745083,0.0751000845670816,0.0004497908838116,[0.30201384 0.44365458],[0.         0.21365458]
54,7,6,40.0,97.0,"[104, 108]","[104, 108]","[0.47, 0.16]","[False, False]",11.csv,65.0,2,0,28.078218675889328,1.5340160619900345,0.0667033526096005,0.0003085261452802,[0.29371699 0.60461299],[0.         0.44461299]
55,8,7,45.0,97.0,"[104, 108, 115]","[104, 108, 115]","[0.41, 0.19, 1.16]","[False, False, False]",11.csv,70.0,3,0,28.474496266968327,1.037636147839724,0.0436304764664146,0.0003457248531411,[0.21681643 0.44350402],[0]
56,9,0,10.3,23.0,"[36, 94]","[36, 94]","[0.43, 0.63]","[False, False]",11.csv,35.3,2,0,24.53244596973606,1.1480357732658897,0.0684624212717544,0.0004474911788556,[0.25984382 0.40208568],[0.         0.22791432]
57,10,1,15.3,23.0,"[36, 94]","[36, 94]","[0.47, 0.64]","[False, False]",11.csv,40.3,2,0,24.939568447215745,1.2870647056843294,0.074813959356421,0.0005756395949455,[0.33715728 0.38161227],[0.         0.25838773]
58,11,2,20.3,23.0,"[36, 94]","[36, 94]","[0.38, 0.64]","[False, False]",11.csv,45.3,2,0,25.050026837603717,1.4249191343765335,0.0824038592798191,0.0007347944650437,[0.33364749 0.37779044],[0.         0.26220956]
59,12,3,25.3,23.0,"[36, 94]","[36, 94]","[0.34, 0.58]","[False, False]",11.csv,50.3,2,0,25.18995100390903,1.5500502031769396,0.0877404997496863,0.0008210597707304,[0.61884549 0.61892514],[0.         0.03892514]
60,13,4,30.3,23.0,"[36, 94]","[36, 94]","[0.65, 0.99]","[False, False]",11.csv,55.3,2,0,26.59103398248962,1.676158605422556,0.0843530293232863,0.0006904279052448,[0.2231132  0.26412698],[0.         0.72587302]
61,14,5,35.3,23.0,"[36, 94]","[36, 94]","[0.38, 0.86]","[False, False]",11.csv,60.3,2,0,27.04726361386139,1.7470801795382471,0.078528890571182,0.0,[0.44261432 0.33746584],[0.         0.52253416]
62,15,0,5.3,31.0,"[34, 138]","[34, 138]","[0.33, 0.91]","[False, False]",11.csv,30.3,2,0,23.749586092715237,1.280693078027946,0.0895751334400544,0.0004091745722423,[0.70517683 0.27880107],[0.         0.63119893]
63,16,2,15.3,31.0,"[34, 138]","[34, 138]","[0.53, 1.04]","[False, False]",11.csv,40.3,2,0,25.101006087981144,1.0513963884019866,0.0611576293493332,0.0003842766531532,[0.5545686  1.38292743],[0.         0.34292743]
64,17,0,25.1,26.0,"[11, 39]","[11, 39]","[0.57, 0.37]","[False, False]",11.csv,50.1,2,1,23.861291651392964,1.3640549831858253,0.0765470537903436,0.0006178131863627,[0.9129466  0.90385715],[0.         0.53385715]
65,18,1,30.1,26.0,"[11, 39]","[11, 39]","[0.77, 0.13]","[False, False]",11.csv,55.1,2,1,24.951594877344878,1.4518145418639083,0.0735796950469212,0.0005194105255324,[1.10778318 0.55681246],[0.         0.42681246]
66,19,0,131.1,25.0,"[946, 2064]","[946, 2064]","[0.67, 0.86]","[False, False]",11.csv,156.1,2,0,27.67636655844156,0.2904717515316279,0.0104389869547158,0.0001170220969612,[1.33644078],[0]
67,20,4,70.2,25.0,"[24, 21]","[24, 21, 38, 35]","[0.5, 1.01]","[False, False]",11.csv,95.2,2,1,24.78923534393911,0.4957092855996394,0.0193033011757467,0.0001477699418706,[0.62110205 0.4335086 ],[0.        0.5764914]
68,21,5,75.2,25.0,"[24, 21]","[24, 21, 38, 35]","[0.46, 0.95]","[False, False]",11.csv,100.2,2,1,25.07693872192789,0.5103638536353517,0.0196716781558245,0.0001591452422772,[0.62881059 0.44200091],[0.         0.50799909]
69,22,6,80.2,25.0,"[24, 21]","[24, 21, 38, 35]","[0.49, 1.16]","[False, False]",11.csv,105.2,2,1,25.313281745559784,0.5337648243471538,0.0203469443614307,0.0001897003592084,[0.91939933 0.49007406],[0.         0.66992594]
70,23,7,85.2,25.0,"[24, 21]","[24, 21, 38, 35]","[0.33, 1.24]","[False, False]",11.csv,110.2,2,1,25.526844789678584,0.5711105178810706,0.0215528108103734,0.0001927628191608,[1.00538192 0.48949122],[0.         0.75050878]
71,24,8,90.2,25.0,"[24, 21]","[24, 21]","[0.64, 1.01]","[False, False]",11.csv,115.2,2,1,25.642920115740942,0.6185232401391205,0.0232055242833081,0.0002180514914906,[1.23107474 0.77592853],[0.         0.23407147]
72,25,9,100.2,25.0,"[24, 21]","[24, 21]","[0.82, 0.76]","[False, False]",11.csv,125.2,2,1,25.73306729168699,0.7537923059092597,0.0276092922197923,0.0002126736421182,[0.45703963 0.89535294],[0.         0.13535294]
73,26,3,197.6,2064.0,"[2851, 2867, 3018]","[2851, 2867, 3018]","[1.29, 0.5, 0.23]","[False, False, False]",11.csv,222.6,3,0,26.95456031746032,0.7749327848954761,0.0295119056167871,0.0003419687788735,[1.21086405 1.07965656],[0]
74,27,0,5.2,14.0,"[12, 28, 25, 24, 21]","[12, 28, 25, 24, 21]","[0.51, 0.74, 0.89, 1.15, 1.49]","[False, False, False, False, False]",11.csv,30.2,5,1,15.0845,1.4073316396654951,0.0965322232420594,0.0003127393841535,[0.38320808 0.28254582 0.87367334 0.50105096 0.51508562],[0.         0.45745418 0.01632666 0.64894904 0.97491438]
75,28,1,35.2,14.0,"[12, 28]","[12, 28, 25, 24, 21, 38, 35]","[0.38, 1.25]","[False, False]",11.csv,60.2,2,1,19.512034941763726,0.7946988360900639,0.0365636255349727,0.0002236489756655,[0.53446404 0.39304244],[0.         0.85695756]
76,29,0,10.2,12.0,"[28, 25, 24, 21]","[28, 25, 24, 21]","[0.36, 0.43, 0.83, 0.76]","[False, False, False, False]",11.csv,35.2,4,1,14.004511008522726,1.3122270561946354,0.0852812250427245,0.0003606276431103,[0.42042649 0.36224764 0.8984167  0.40784333],[0.         0.06775236 0.0684167  0.35215667]
77,30,1,15.2,12.0,"[28, 25, 24, 21]","[28, 25, 24, 21]","[0.89, 0.82, 1.03, 0.95]","[False, False, False, False]",11.csv,40.2,4,1,13.334823072139304,1.2775969868809138,0.0833139721833855,0.0004860161716686,[0.40989171 0.36292332 0.69298753 0.67471617],[0.         0.45707668 0.33701247 0.27528383]
78,31,18,150.2,12.0,"[28, 24]","[28, 24]","[1.18, 0.2]","[False, False]",11.csv,175.2,2,0,24.996011524629555,0.412816049297518,0.0150082282042144,0.000177556134603,[1.18401221],[0]
79,32,2,202.0,24.0,"[3029, 2851]","[3029, 2851]","[0.77, 0.71]","[False, False]",11.csv,227.0,2,0,27.315409836065573,0.8541796725891222,0.0310560104894966,0.0020842960060064,[0.77719195],[0]
80,33,1,10.2,10.0,"[19, 22]","[19, 22, 27]","[0.71, 1.36]","[True, True]",11.csv,35.2,2,0,13.35066903409091,1.40113589122383,0.0887417083656032,0.0004274305612857,[1.05606464 0.36016546],[0.         0.99983454]
81,34,2,15.2,10.0,"[19, 22]","[19, 22, 27]","[0.92, 1.23]","[True, True]",11.csv,40.2,2,0,13.318881218905473,1.384518119850051,0.0849332544287427,0.000562336462451,[1.11423416 0.64607215],[0.         0.58392785]
82,35,3,20.2,10.0,"[19, 22]","[19, 22]","[1.14, 0.72]","[True, True]",11.csv,45.2,2,0,14.131296563192905,1.302246823262552,0.0746183304655314,0.0005469750070776,[1.03949389 0.71512288],[0.         0.00487712]
83,36,4,25.2,10.0,"[19, 22]","[19, 22]","[0.39, 0.75]","[True, True]",11.csv,50.2,2,0,15.215239520958084,1.1131169467308273,0.0586103012225972,0.0003772964029411,[1.06572825 0.34521633],[0.         0.40478367]
84,37,6,35.2,10.0,"[19, 22]","[19, 22]","[0.88, 1.35]","[True, True]",11.csv,60.2,2,0,18.714566139767054,0.7949311684589238,0.0361446685635852,0.000242917922047,[0.42375885 0.66260829],[0.         0.68739171]
85,38,7,40.2,10.0,"[19, 22]","[19, 22, 27]","[0.46, 0.88]","[True, True]",11.csv,65.2,2,0,19.88715168970814,0.6610584266838138,0.0290920875000657,0.0001935923307274,[0.29209275 0.10874515],[0.         0.77125485]
86,39,8,45.2,10.0,"[19, 22]","[19, 22, 27, 30]","[0.22, 0.27]","[True, True]",11.csv,70.2,2,0,21.019906205420828,0.5605491803903502,0.0238394463886696,0.0001866370601939,[0.20644945 0.29132779],[0.         0.02132779]
87,40,9,50.2,10.0,"[19, 22]","[19, 22]","[0.33, 0.46]","[True, True]",11.csv,75.2,2,0,21.901541944074573,0.4871473372373292,0.01986029470867,0.0001555102408673,[0.52846462 0.43605742],[0.         0.02394258]
88,41,10,55.2,10.0,"[19, 22]","[19, 22]","[0.41, 0.76]","[True, True]",11.csv,80.2,2,0,22.40575561797753,0.4294002260393342,0.016958248654932,0.0001683966931682,[0.65052894 0.50968671],[0.         0.25031329]
89,42,11,60.2,10.0,"[19, 22]","[19, 22]","[0.44, 0.83]","[True, True]",11.csv,85.2,2,0,22.779746474735603,0.3801608901190815,0.0146663958712509,0.0001405119777726,[0.4145061 0.5330783],[0.        0.2969217]
90,43,12,65.2,10.0,"[19, 22]","[19, 22]","[0.58, 0.69]","[True, True]",11.csv,90.2,2,0,23.027529411764707,0.3382157050837112,0.0128265457615345,0.0001293976873799,[0.45344431 0.6653864 ],[0.        0.0246136]
91,44,0,14.0,19.0,"[29, 22]","[29, 22]","[0.52, 1.08]","[False, True]",11.csv,39.0,2,0,13.04929820051414,1.3933667150529023,0.0864806814767194,0.0005046856006292,[0.61224013 0.4324905 ],[0.        0.6475095]
92,45,9,168.7,19.0,"[1764, 22, 2762]","[1764, 22, 2762]","[0.22, 0.6, 0.86]","[False, True, False]",11.csv,193.7,3,0,23.465157671006228,0.805653912585133,0.0293423086522356,0.0002679173543849,[0.62140509 0.34987209],[0]
93,0,0,149.4,1631.0,"[1480, 61]","[1480, 61]","[0.91, 1.05]","[False, False]",18.csv,174.4,2,0,12.461548662858949,0.8024390987679318,0.0580423673244575,0.0003808387690244,[0.51878298],[0]
94,0,0,5.0,10.0,"[26, 20]","[26, 20, 17, 29, 32, 101, 96, 102, 115, 119, 140, 152]","[1.33, 1.45]","[False, False]",19.csv,30.0,2,0,30.47048913043478,1.2334126736714748,0.0502598312150397,0.0002049246971175,[0.53502167 1.04423953],[0.         0.40576047]
95,1,1,15.0,26.0,"[20, 17, 140]","[20, 17, 29, 32, 101, 96, 102, 115, 119, 140]","[0.57, 1.17, 1.14]","[False, False, False]",19.csv,40.0,3,0,30.829534252297407,1.0693195904603598,0.0417791139045028,0.0002259307479153,[0.72335598 0.49414294],[0]
96,2,2,20.0,26.0,"[20, 17, 32, 101, 96, 102, 119, 140]","[20, 17, 29, 32, 101, 96, 102, 115, 119, 140]","[0.48, 1.14, 1.22, 1.01, 0.94, 0.61, 0.53, 1.4]","[False, False, False, False, False, False, False, False]",19.csv,45.0,8,0,30.485583379732734,0.9772307503386204,0.0376935921353908,0.0002380504736085,"[0.69791116 0.42149201 0.29692837 0.5953887  0.58449142 0.71543487
 0.53316136]",[0]
97,3,3,25.0,26.0,"[20, 32, 101, 96, 102, 119, 140]","[20, 17, 29, 32, 101, 96, 102, 115, 119, 140]","[0.46, 1.32, 1.3, 0.95, 0.99, 1.3, 1.16]","[False, False, False, False, False, False, False]",19.csv,50.0,7,0,30.758250501002003,0.8659218709385816,0.032580395179232,0.0002554692370952,[0.84073226 0.62643162 0.17366399 0.64535468 0.78711111 0.56354948],[0]
98,4,0,30.0,29.0,"[32, 101, 96]","[32, 101, 96, 102]","[1.44, 1.32, 1.39]","[False, False, False]",19.csv,55.0,3,0,31.75181815421979,0.7452502480911511,0.0275020729636122,0.0002478635102519,[0.14728551 0.68539087 1.23991821],[0.         0.63460913 0.15008179]
99,5,1,45.0,29.0,"[32, 101]","[32, 101, 96, 102]","[1.04, 0.9]","[False, False]",19.csv,70.0,2,0,32.79936653265004,0.8440384657126934,0.0306681341093577,0.0003268362427285,[0.4968813  0.81701864],[0.         0.08298136]
100,6,0,35.0,32.0,"[101, 96, 102]","[101, 96, 102]","[0.61, 0.47, 1.25]","[False, False, False]",19.csv,60.0,3,0,31.668857809329968,0.6733688425378032,0.0243832606791049,0.0002282649380182,[0.94103049 0.60220322 0.60452988],[0.         0.13220322 0.64547012]
101,7,1,40.0,32.0,"[101, 96, 102]","[101, 96, 102]","[0.6, 0.66, 1.42]","[False, False, False]",19.csv,65.0,3,0,31.57237903810193,0.6189161029064328,0.0220181497993623,0.0002160760529868,[0.95866744 0.54212708 0.58272879],[0.         0.11787292 0.83727121]
102,8,2,50.0,32.0,"[101, 96]","[101, 96, 102]","[0.66, 1.38]","[False, False]",19.csv,75.0,2,0,32.646529605926496,0.6529422379383016,0.0228444536318452,0.0001972450158674,[0.64288571 0.82530898],[0.         0.55469102]
103,9,0,5.0,6.0,"[8, 16, 12, 21]","[8, 16, 12, 21, 24, 33, 34]","[0.58, 0.66, 0.76, 1.31]","[False, False, False, False]",19.csv,30.0,4,0,28.990078595317723,1.2494689478836092,0.0499017258753115,0.000173752527421,[0.77374799 0.32717602 0.82995871 0.62000816],[0.         0.33282398 0.06995871 0.68999184]
104,10,0,10.0,8.0,"[16, 12]","[16, 12]","[1.23, 1.07]","[False, False]",19.csv,35.0,2,0,29.578163323782235,1.11003349613853,0.0421466653547914,0.0002021007381035,[0.37538525 1.19571199],[0.         0.12571199]
105,11,1,15.0,8.0,"[16, 12, 21, 24]","[16, 12, 21, 24, 33, 34]","[0.96, 0.91, 1.2, 1.48]","[False, False, False, False]",19.csv,40.0,4,0,28.918294799498742,1.1170507402599696,0.0425288302749806,0.0002259647748524,[1.18868245 1.03994114 0.39447817 0.85076788],[0.         0.12994114 0.80552183 0.62923212]
106,12,2,20.0,8.0,"[16, 12, 21]","[16, 12, 21, 24, 33, 34]","[0.97, 1.07, 1.36]","[False, False, False]",19.csv,45.0,3,0,29.304478099480324,0.972781517181745,0.036797089345126,0.0002641065793468,[0.7300501  0.52525005 0.79462639],[0.         0.54474995 0.56537361]
107,13,3,25.0,8.0,"[16, 12]","[16, 12, 21, 24, 33, 34]","[0.65, 1.04]","[False, False]",19.csv,50.0,2,0,29.897381053324946,0.8317715508266076,0.0310156104659488,0.0002573909582236,[1.06315545 0.85568473],[0.         0.18431527]
108,14,4,30.0,8.0,"[16, 12]","[16, 12, 21, 24, 33, 34]","[0.89, 0.98]","[False, False]",19.csv,55.0,2,0,29.91836667687127,0.8860773673053736,0.0330861050298573,0.0002834170381176,[1.1781236  0.95124814],[0.         0.02875186]
109,15,2,168.7,131.0,"[777, 1413, 1452]","[777, 1413, 1452]","[1.36, 1.15, 1.4]","[False, False, False]",19.csv,193.7,3,1,30.21237162324768,0.8094558438454753,0.0278907538204974,0.0,[1.31147125],[0]
110,16,3,164.1,777.0,"[1413, 1452]","[1413, 1452]","[0.35, 0.72]","[False, False]",19.csv,189.1,2,1,30.28639930235619,0.7874484566516612,0.0269298556278251,0.0,[0.24769035],[0]
111,17,0,5.0,18.0,"[25, 19]","[25, 19]","[0.35, 0.61]","[True, True]",19.csv,30.0,2,0,26.43114297658863,1.351995754732308,0.0574097069465865,0.000302740588574,[0.36142352 0.35838172],[0.         0.25161828]
112,18,1,125.0,18.0,"[25, 19]","[25, 19]","[1.41, 1.46]","[True, True]",19.csv,150.0,2,0,25.661735067163715,0.8146795090906764,0.028125491815089,0.0004664260665852,[0.73028464 1.00598578],[0.         0.45401422]
113,19,2,130.0,18.0,"[25, 19]","[25, 19]","[0.77, 1.21]","[True, True]",19.csv,155.0,2,0,25.722592388219716,0.9080907172174364,0.0313619567905214,0.0005032675601581,[0.60382472 0.81987818],[0.         0.39012182]
114,20,2,15.0,23.0,"[28, 27]","[28, 27]","[1.08, 1.29]","[False, False]",19.csv,40.0,2,0,25.697272556390978,1.1474788077401543,0.043788706821519,0.0002104214647838,[0.81435291 0.87513164],[0.         0.41486836]
115,21,6,35.0,23.0,"[28, 27]","[28, 27]","[0.51, 0.69]","[False, False]",19.csv,60.0,2,0,25.16484348914858,0.7533509084122952,0.0276516671301782,0.0002411450734783,[0.33745465 0.57093284],[0.         0.11906716]
116,22,7,40.0,23.0,"[28, 27]","[28, 27]","[0.59, 0.89]","[False, False]",19.csv,65.0,2,0,25.718063174114025,0.6716918368071917,0.0239965797020256,0.0002272403380873,[1.39232661 0.4981447 ],[0.        0.3918553]
117,0,2,136.5,55.0,"[202, 111]","[202, 111]","[1.03, 1.28]","[False, False]",20.csv,161.5,2,0,22.865612922705317,0.532458114041238,0.0191783661845647,0.0001005023774901,[0.38769819 1.13648697],[0.         0.14351303]
118,1,13,114.0,50.0,"[54, 964]","[54, 964, 136]","[0.24, 1.1]","[True, False]",20.csv,139.0,2,0,25.894972222222226,0.4007208791052334,0.0143106940681462,7.492509983322634e-05,[0.48282296],[0]
119,2,14,119.0,50.0,"[54, 964, 136]","[54, 964, 136]","[0.19, 0.82, 0.73]","[True, False, False]",20.csv,144.0,3,0,25.65624589700057,0.4319192443954711,0.0154360845212833,7.95674459859965e-05,[0.16936779],[0]
120,3,15,124.0,50.0,"[54, 964, 136]","[54, 964, 136]","[0.11, 0.8, 0.76]","[True, False, False]",20.csv,149.0,3,0,25.635531539888685,0.4650926370276603,0.0167216634385715,9.540438835275989e-05,[0.16827918],[0]
121,4,16,129.0,50.0,"[54, 964, 136]","[54, 964, 136]","[0.11, 0.72, 0.74]","[True, False, False]",20.csv,154.0,3,0,25.64119734151329,0.5034061033933969,0.0181825195334649,9.943953805559192e-05,[0.137063],[0]
122,5,0,155.7,1103.0,"[1137, 1239]","[1137, 1239]","[0.42, 0.12]","[False, False]",20.csv,180.7,2,0,26.41555855855856,0.8029379021697194,0.0313422502485131,0.0001508652238195,[0.35215531],[0]
123,6,1,160.7,1103.0,"[1137, 1239]","[1137, 1239]","[0.42, 0.26]","[False, False]",20.csv,185.7,2,0,25.08118313953489,0.8620667755084239,0.034845100777357,0.00013139178272,[0.53981667],[0]
124,0,0,5.0,55.0,"[50, 54, 53, 49]","[50, 54, 53, 49, 14]","[1.13, 1.29, 1.3, 1.44]","[False, False, False, False]",21.csv,30.0,4,0,23.704540969899664,1.101583823269648,0.0617554465265863,0.0003854553060063,[0.68828918 0.36855943 0.45686773 1.06909337],[0.         0.92144057 0.84313227 0.37090663]
125,1,1,10.0,55.0,"[50, 54, 53, 49]","[50, 54, 53, 49, 14]","[1.07, 1.24, 1.32, 1.49]","[False, False, False, False]",21.csv,35.0,4,0,24.89558022922636,1.09609212865294,0.0562824057588934,0.000325102144811,[0.5457119  0.4785342  0.47691571 1.04939804],[0.         0.7614658  0.84308429 0.44060196]
126,2,2,15.0,55.0,"[50, 54, 53, 49]","[50, 54, 53, 49, 14]","[1.1, 1.33, 1.27, 1.37]","[False, False, False, False]",21.csv,40.0,4,0,25.70206150087957,0.9966479047786264,0.0490117907509193,0.0002315031577402,[0.59685921 1.23330807 0.61859503 1.12544868],[0.         0.09669193 0.65140497 0.24455132]
127,3,3,20.0,55.0,"[50, 54, 53, 49, 14]","[50, 54, 53, 49, 14]","[0.52, 0.56, 0.46, 0.76, 1.36]","[False, False, False, False, False]",21.csv,45.0,5,0,25.701782190186275,0.9885119509397418,0.0473769733011246,0.0002077664048639,[0.96201841 0.43612127 0.65776883 0.20593869 0.50294024],[0.         0.12387873 0.19776883 0.55406131 0.85705976]
128,4,4,25.0,55.0,"[50, 54, 53, 49, 14]","[50, 54, 53, 49, 14]","[0.44, 0.56, 0.48, 0.68, 1.41]","[False, False, False, False, False]",21.csv,50.0,5,0,25.90340989065994,0.901949959106595,0.0417900639139939,0.0001625060814823,[1.42959228 0.68724932 0.68281777 0.34163314 0.6396098 ],[0.         0.12724932 0.20281777 0.33836686 0.7703902 ]
129,5,0,6.6,86.0,"[122, 146]","[122, 146]","[0.32, 0.78]","[False, False]",21.csv,31.6,2,0,28.04262822128852,1.064433757042571,0.0653498827189829,0.0005132189742328,[0.25351513],[0]
130,6,1,11.6,86.0,"[122, 146]","[122, 146]","[0.58, 0.23]","[False, False]",21.csv,36.6,2,0,27.6049,1.0353440175123276,0.0557297371912523,0.0003015859748188,[0.56259269],[0]
131,7,2,16.6,86.0,"[122, 146]","[122, 146, 234]","[1.09, 1.44]","[False, False]",21.csv,41.6,2,0,27.340464457831327,1.0005804495190906,0.0498269944856972,0.0002359120992646,[0.89019563],[0]
132,8,3,21.6,86.0,"[122, 146]","[122, 146, 234]","[1.08, 1.13]","[False, False]",21.csv,46.6,2,0,27.07006827956989,0.9377411963061558,0.0446327128817321,0.0002169269155855,[0.97589088],[0]
133,9,0,30.0,29.0,"[50, 54, 53, 49]","[55, 50, 54, 53, 49]","[0.97, 0.8, 1.06, 1.23]","[False, False, False, False]",21.csv,55.0,4,0,26.279665573026648,1.3303750325758137,0.0627719308057025,0.0003052812508788,[0.6821655  0.63178482 0.14521025 0.4731775 ],[0.         0.16821518 0.91478975 0.7568225 ]
134,10,0,35.0,50.0,"[54, 53, 49]","[54, 53, 49]","[0.14, 0.52, 0.6]","[False, False, False]",21.csv,60.0,3,0,26.478770790391632,1.3792049690933434,0.0632837279748303,0.0002834869104442,[0.44083582 0.58061134 0.17675724],[0.         0.06061134 0.42324276]
135,11,1,40.0,50.0,"[54, 53, 49]","[54, 53, 49]","[0.18, 1.11, 1.4]","[False, False, False]",21.csv,65.0,3,0,26.708970839801516,1.400837253676942,0.0629345342720134,0.0001653995644468,[0.4238397  0.93469637 0.12898544],[0.         0.17530363 1.27101456]
136,12,0,45.0,54.0,"[53, 49]","[53, 49]","[0.92, 1.13]","[False, False]",21.csv,70.0,2,0,26.419867177314213,1.4671297501924592,0.0645859977061167,0.0003622321800679,[0.34900712 0.71063971],[0.         0.41936029]
137,13,0,5.0,30.0,"[47, 43]","[47, 43, 5]","[0.68, 0.95]","[False, False]",21.csv,30.0,2,0,21.45983444816053,1.0837185681618815,0.0590210564025402,0.0004048876860229,[0.34677154 0.63963072],[0.         0.31036928]
138,14,4,10.0,0.0,"[42, 6]","[42, 6]","[1.16, 1.11]","[False, False]",21.csv,35.0,2,0,18.46514541547278,1.1982748129031549,0.061394823262491,0.000236406712601,[1.15553002 0.80065933],[0.         0.30934067]
139,15,1,10.0,7.0,"[13, 11]","[13, 11, 17]","[1.19, 1.5]","[True, True]",21.csv,35.0,2,0,20.972139684813754,1.119047600715246,0.0606165900984703,0.0003682380748635,[0.16935498 1.20464469],[0.         0.29535531]
140,16,2,40.0,7.0,"[13, 11, 17]","[13, 11, 17, 93]","[0.33, 0.28, 0.17]","[True, True, True]",21.csv,65.0,3,0,23.52027118644068,0.6802739833979351,0.028194279715069,0.0001543989616027,[0.4851739  0.10904    0.28383337],[0.         0.17096    0.11383337]
141,17,3,45.0,7.0,"[13, 11, 17]","[13, 11, 17, 93]","[0.42, 0.71, 1.09]","[True, True, True]",21.csv,70.0,3,0,24.29973581306629,0.5989521725413363,0.0237384188003535,0.0001196234479896,[0.33409803 0.2066109  0.49988275],[0.         0.5033891  0.59011725]
142,18,4,50.0,7.0,"[13, 11, 17]","[13, 11, 17]","[1.35, 1.44, 1.23]","[True, True, True]",21.csv,75.0,3,0,24.73520627503338,0.5341976807233079,0.0204113932903194,0.000109260901918,[0.3120511  0.17229846 1.16457765],[0.         1.26770154 0.06542235]
143,19,0,15.0,13.0,"[11, 17]","[11, 17]","[0.2, 0.97]","[True, True]",21.csv,40.0,2,0,20.46659273182957,1.0989024360782709,0.0561620682795153,0.0003058936180801,[0.83421159 0.15551267],[0.         0.81448733]
144,20,1,20.0,13.0,"[11, 17]","[11, 17]","[0.15, 0.97]","[True, True]",21.csv,45.0,2,0,20.24402115812918,1.0942656003658964,0.05317758250039,0.0002336677289832,[0.85537995 0.27504392],[0.         0.69495608]
145,21,2,55.0,13.0,"[11, 17]","[11, 17]","[0.23, 0.4]","[True, True]",21.csv,80.0,2,0,25.134924906132664,0.4735988219877499,0.0176868247813967,0.0001069526629259,[0.34338988 0.27321912],[0.         0.12678088]
146,22,3,60.0,13.0,"[11, 17]","[11, 17]","[0.36, 1.01]","[True, True]",21.csv,85.0,2,0,25.559009128386336,0.4198285210992947,0.0153215983136714,0.0001150146790302,[0.62033948 0.24803983],[0.         0.76196017]
147,23,4,65.0,13.0,"[11, 17]","[11, 17]","[0.22, 0.81]","[True, True]",21.csv,90.0,2,0,26.03993047830923,0.3733621916242507,0.0133575306285607,0.0001006271140765,[0.60897393 0.21991389],[0.         0.59008611]
148,24,5,70.0,13.0,"[11, 17]","[11, 17]","[0.22, 0.7]","[True, True]",21.csv,95.0,2,0,26.46130057955743,0.3345293836329264,0.0118143525515023,0.0001096811991498,[0.55615765 0.22516742],[0.         0.47483258]
149,25,6,75.0,13.0,"[11, 17]","[11, 17]","[0.28, 0.8]","[True, True]",21.csv,100.0,2,0,26.671537156937543,0.307271882176005,0.0107616171517686,0.0001141654636136,[0.60384935 0.24315661],[0.         0.55684339]
150,26,7,80.0,13.0,"[11, 17]","[11, 17]","[0.27, 0.61]","[True, True]",21.csv,105.0,2,0,26.73690289709216,0.3153834146090546,0.0109974999584122,0.0001220308011455,[0.52493328 0.20629897],[0.         0.40370103]
151,27,8,85.0,13.0,"[11, 17]","[11, 17]","[0.17, 0.62]","[True, True]",21.csv,110.0,2,0,26.771325510973647,0.325318655463758,0.0113358074989683,0.0001264895658437,[0.47687133 0.23005087],[0.         0.38994913]
152,28,9,90.0,13.0,"[11, 17]","[11, 17]","[0.29, 0.65]","[True, True]",21.csv,115.0,2,0,26.82274527456499,0.3382927465331362,0.0117466775246017,0.0001312067456505,[0.29397224 0.29418708],[0.         0.35581292]
153,29,10,160.0,13.0,"[11, 17]","[11, 17]","[0.12, 0.56]","[True, True]",21.csv,185.0,2,0,28.23998502438507,0.9900916405158005,0.0358980249361882,0.0008555296695945,[0.46795792 0.12000042],[0.         0.43999958]
154,30,11,165.0,13.0,"[11, 17]","[11, 17]","[0.1, 0.3]","[True, True]",21.csv,190.0,2,0,27.946385178618332,0.9340196625214702,0.0325185401788616,0.0004085243741063,[0.41395497 0.14411182],[0.         0.15588818]
155,31,0,5.0,3.0,"[8, 9, 4]","[8, 9, 4]","[0.39, 1.1, 1.25]","[False, False, False]",21.csv,30.0,3,1,15.526991081382386,1.2457762600465885,0.0721043144837782,0.0004458038486693,[1.08353765 0.74281402 0.50413836],[0.         0.35718598 0.74586164]
156,32,1,10.0,3.0,"[8, 9, 4]","[8, 9, 4]","[0.57, 0.97, 1.24]","[False, False, False]",21.csv,35.0,3,1,15.239236867239732,1.2117412828700749,0.0645949417113341,0.0004335230987337,[0.72620069 0.84203173 0.45575905],[0.         0.12796827 0.78424095]
157,33,2,15.0,3.0,"[8, 9, 4]","[8, 9, 4]","[0.44, 0.93, 1.45]","[False, False, False]",21.csv,40.0,3,1,15.62847702589808,1.1922536521401543,0.0609334727847426,0.0003190711471373,[0.69728716 0.91745477 0.50841004],[0.         0.01254523 0.94158996]
158,34,3,20.0,3.0,"[8, 9]","[8, 9, 4]","[0.35, 0.9]","[False, False]",21.csv,45.0,2,1,16.73438363028953,1.2023827565915666,0.058365409374506,0.0002479677509272,[0.66462209 0.35406548],[0.         0.54593452]
159,35,4,25.0,3.0,"[8, 9]","[8, 9, 4]","[0.35, 0.97]","[False, False]",21.csv,50.0,2,1,17.423944388777556,1.1287361950653707,0.052944594244524,0.0002156797846379,[0.76928847 0.49830836],[0.         0.47169164]
160,36,5,30.0,3.0,"[8, 9, 4]","[8, 9, 4]","[0.33, 0.71, 1.28]","[False, False, False]",21.csv,55.0,3,1,17.844218882817245,1.0196735370958954,0.0466180785762761,0.0001384323378585,[0.41394197 0.38818678 0.36025754],[0.         0.32181322 0.91974246]
161,37,6,35.0,3.0,"[8, 9, 4]","[8, 9, 4]","[0.46, 0.85, 1.25]","[False, False, False]",21.csv,60.0,3,1,18.61629185309348,1.0580876637101269,0.0477358661499781,0.0001580956959925,[0.83894373 0.39393695 0.38165784],[0.         0.45606305 0.86834216]
162,38,7,40.0,3.0,"[8, 9]","[8, 9, 4]","[0.33, 1.03]","[False, False]",21.csv,65.0,2,1,19.57449050093433,0.9872735074894348,0.0426490523121839,0.0001593240338535,[0.60548109 0.19799018],[0.         0.83200982]
163,39,8,45.0,3.0,"[8, 9]","[8, 9, 4]","[0.21, 0.56]","[False, False]",21.csv,70.0,2,1,20.21106481958013,1.0434120447366997,0.0444807746941299,0.0001673557768658,[0.57053896 0.38073806],[0.         0.17926194]
164,40,9,50.0,3.0,"[8, 9]","[8, 9]","[0.18, 0.55]","[False, False]",21.csv,75.0,2,1,20.692400563661224,1.1103679508900106,0.0466561717061654,0.0002060524933395,[0.52913791 0.18521726],[0.         0.36478274]
165,41,10,55.0,3.0,"[8, 9, 4]","[8, 9, 4]","[0.19, 0.59, 1.45]","[False, False, False]",21.csv,80.0,3,1,20.41396251369313,1.3369012638878903,0.0573861977533161,0.0001135910486011,[1.21556529 0.61040284 0.26864342],[0.         0.02040284 1.18135658]
166,42,11,60.0,3.0,"[8, 9]","[8, 9, 4]","[0.19, 0.72]","[False, False]",21.csv,85.0,2,1,21.356198559819862,1.2797391364607411,0.0523956551305479,0.000150692134399,[0.6557165  0.23411953],[0.         0.48588047]
167,43,14,75.0,3.0,"[8, 9]","[8, 9, 4]","[0.17, 1.16]","[False, False]",21.csv,100.0,2,1,22.283864028699355,1.481224158299155,0.0562701228466375,0.0003465976153165,[0.64415974 0.19109065],[0.         0.96890935]
168,44,15,80.0,3.0,"[8, 9]","[8, 9, 4]","[0.23, 1.14]","[False, False]",21.csv,105.0,2,1,22.66305709176788,1.549304629910983,0.0568077889080887,0.0006910923224828,[0.64005218 0.21594235],[0.         0.92405765]
169,45,16,85.0,3.0,"[8, 9]","[8, 9]","[0.12, 1.33]","[False, False]",21.csv,110.0,2,1,23.45480266169154,1.489846488023943,0.0540933491848603,0.0,[0.64738686 0.20857064],[0.         1.12142936]
170,46,0,28.1,319.0,"[223, 2]","[223, 2]","[0.31, 0.38]","[False, False]",21.csv,53.1,2,0,17.53771126891976,1.0601589277019894,0.0478462653388692,0.0001443450663155,[0.70380654 0.48368584],[0.         0.10368584]
171,47,1,33.1,319.0,"[223, 2]","[223, 2]","[1.07, 0.85]","[False, False]",21.csv,58.1,2,0,18.39114484355045,0.901861249785884,0.0389473657573823,0.0001596007284243,[0.63512599 0.68330421],[0.         0.16669579]
172,48,2,38.1,319.0,"[223, 2]","[223, 2]","[0.52, 0.49]","[False, False]",21.csv,63.1,2,0,19.11453613905656,0.7557380199107393,0.0313686043145566,0.0001779778968201,[0.60075047 0.55292134],[0.         0.06292134]
173,49,3,43.1,319.0,"[223, 2]","[223, 2]","[0.57, 0.55]","[False, False]",21.csv,68.1,2,0,19.84269009161041,0.6470350954642239,0.0257576934490685,0.0001328084777051,[0.63554554 0.59710088],[0.         0.04710088]
174,50,4,48.1,319.0,"[223, 2]","[223, 2]","[0.6, 0.4]","[False, False]",21.csv,73.1,2,0,20.5262297273704,0.5714672097358438,0.0218608723166071,0.0001098493835243,[0.8948958  0.59942762],[0.         0.19942762]
175,0,6,143.4,74.0,"[575, 1286]","[575, 1286]","[0.28, 0.68]","[False, False]",3.csv,168.4,2,0,31.13842456896552,1.304854372734442,0.045114226759586,0.0007311868194422,[0.26356151],[0]
176,1,7,148.4,74.0,"[575, 1286]","[575, 1286]","[0.18, 0.71]","[False, False]",3.csv,173.4,2,0,30.460083333333337,1.573227649076975,0.0560250550813853,0.0015627630427164,[0.39118838],[0]
177,2,0,5.0,25.0,"[26, 21]","[26, 21]","[0.69, 0.85]","[False, False]",3.csv,30.0,2,0,26.527838628762535,1.4260412470106345,0.0607621724779915,0.0007726508580491,[0.31114998 0.71865451],[0.         0.13134549]
178,3,6,97.3,128.0,"[55, 129, 64]","[55, 129, 64]","[1.18, 1.43, 1.35]","[False, False, False]",3.csv,122.3,3,1,30.50683882149053,0.4290913981986448,0.0141733007448611,0.0001653260001802,[1.29453535],[0]
179,4,7,102.3,128.0,"[55, 129, 64]","[55, 129, 64]","[1.13, 0.9, 1.04]","[False, False, False]",3.csv,127.3,3,1,30.26381246046812,0.4688750735734778,0.015591696176096,0.0001876821688365,[0.95445267],[0]
180,5,0,108.5,55.0,"[129, 64]","[129, 64]","[0.71, 0.98]","[False, False]",3.csv,133.5,2,0,30.075714516129032,0.5278995975241205,0.0175527734379461,0.000241006071404,[0.64314895 0.32465107],[0.         0.65534893]
181,6,1,113.5,55.0,"[129, 64]","[129, 64]","[0.66, 1.05]","[False, False]",3.csv,138.5,2,0,30.05394939759036,0.5894534216106732,0.0196491685282049,0.0002451431774152,[1.13338037 1.13060078],[0.         0.08060078]
182,7,0,10.0,8.0,"[15, 3]","[15, 3]","[0.61, 1.45]","[False, False]",3.csv,35.0,2,1,26.67722083690628,1.3212245075089564,0.0520603317345014,0.0006740208271571,[0.91271546 0.57130563],[0.         0.87869437]
183,8,1,15.0,8.0,"[15, 3]","[15, 3]","[0.99, 1.38]","[False, False]",3.csv,40.0,2,1,27.03742512531328,1.3996765838305654,0.0543580009493082,0.0006932436000336,[0.87853474 0.91529803],[0.         0.46470197]
184,9,3,25.0,8.0,"[15, 3]","[15, 3]","[1.42, 1.41]","[False, False]",3.csv,50.0,2,1,26.323926619367768,1.50467456397219,0.0579734752361626,0.0002617312651745,[0.71706891 1.2386377 ],[0.        0.1713623]
185,10,1,5.0,40.0,"[33, 41]","[33, 41]","[1.04, 0.34]","[True, True]",3.csv,30.0,2,0,22.121852006688965,1.6487884012406215,0.0785934122686105,0.0010405669848647,[0.87275021 0.9987897 ],[0.        0.6587897]
186,11,0,148.3,1953.0,"[25, 1990]","[25, 1990]","[0.72, 0.8]","[False, False]",3.csv,173.3,2,0,25.074578358208957,1.4652878509847167,0.0520335322218135,0.0009049309951619,[0.71585748],[0]
187,12,0,5.0,11.0,"[4, 10]","[4, 10]","[0.47, 0.87]","[False, False]",3.csv,30.0,2,0,23.55685451505017,1.4202474984857103,0.0587244219688856,0.0007569531060696,[0.42306626 0.35663375],[0.         0.51336625]
188,13,1,10.0,11.0,"[4, 10]","[4, 10]","[0.52, 0.75]","[False, False]",3.csv,35.0,2,0,23.744101719197708,1.3373943603561602,0.0532045084400891,0.0007543681569386,[0.39270143 0.4442724 ],[0.        0.3057276]
189,14,2,30.0,11.0,"[4, 10]","[4, 10]","[0.29, 0.28]","[False, False]",3.csv,55.0,2,0,23.23540783117458,1.5382311842007683,0.059818606770737,0.0005696235170659,[0.18941632 0.30842575],[0.         0.02842575]
190,15,0,5.0,30.0,"[19, 29]","[19, 29]","[0.33, 0.66]","[False, False]",3.csv,30.0,2,1,22.11942307692308,1.6143500642536588,0.0716115735334429,0.0010085347966528,[0.6463738  0.43690935],[0.         0.22309065]
191,16,1,10.0,30.0,"[19, 29]","[19, 29]","[0.55, 0.67]","[False, False]",3.csv,35.0,2,1,22.219256446991405,1.4827048129967544,0.0606387371353043,0.0008609010176669,[0.71123688 0.55969305],[0.         0.11030695]
192,17,0,5.0,56.0,"[49, 47, 52, 46]","[49, 47, 52, 46]","[0.75, 0.77, 1.13, 0.41]","[False, False, False, False]",3.csv,30.0,4,1,18.774204222408027,1.5018291765980485,0.0981139970941128,0.0009581445028721,[0.52043414 0.90654335 0.32287997 0.62795463],[0.         0.13654335 0.80712003 0.21795463]
193,18,1,10.0,56.0,"[49, 47, 46]","[49, 47, 52, 46]","[0.68, 0.77, 1.35]","[False, False, False]",3.csv,35.0,3,0,18.54371149997726,1.4901062736545665,0.0928115483886321,0.0011399576055922,[0.51972281 0.36824219 0.77448609],[0.         0.40175781 0.57551391]
194,19,0,15.0,49.0,"[47, 52, 46]","[47, 52, 46]","[0.31, 0.63, 1.37]","[False, False, False]",3.csv,40.0,3,1,18.46028536706349,1.559933863731636,0.0916388723637495,0.0009216111870306,[0.60329127 0.84218933 0.58203731],[0.         0.21218933 0.78796269]
195,0,0,5.0,0.0,"[2, 9]","[2, 9]","[0.9, 1.32]","[False, False]",7.csv,30.0,2,0,28.47315384615385,1.043235904090778,0.0408592117579013,0.0004064379961991,[1.01310275 0.86216016],[0.         0.45783984]
196,1,3,31.9,160.0,"[76, 727]","[76, 727]","[0.57, 1.38]","[False, False]",7.csv,56.9,2,0,27.94962788337166,0.8908630275444294,0.0339804635936457,0.0001785626042755,[0.56762898 1.20800101],[0.         0.17199899]
197,2,4,36.9,160.0,"[76, 727]","[76, 727]","[0.79, 1.13]","[False, False]",7.csv,61.9,2,0,27.80104831848664,0.9188461137970364,0.0341067732356799,0.0004124156376744,[0.88348601 1.38200582],[0.         0.25200582]
198,3,2,40.0,9.0,"[5, 8]","[5, 8]","[0.34, 0.94]","[False, False]",7.csv,65.0,2,0,28.867261187568356,0.9644632066339186,0.0364758521008472,0.0002457389541938,[0.81572774 0.50956018],[0.         0.43043982]
199,4,3,45.0,9.0,"[5, 8]","[5, 8]","[0.23, 0.9]","[False, False]",7.csv,70.0,2,0,28.445009759021936,0.8793660097711508,0.0339929005707206,0.0002883197673513,[0.96791339 0.57560822],[0.         0.32439178]
200,5,0,150.5,1380.0,"[11, 676]","[11, 676]","[1.36, 0.88]","[True, False]",7.csv,175.5,2,1,20.389070446139627,1.0332964878458992,0.0398571488528879,0.0005276762866666,[0.96965271 0.52757849],[0.         0.35242151]
201,0,1,85.5,1040.0,"[1020, 1041, 1115]","[1020, 1041, 1115]","[0.61, 0.55, 0.7]","[False, False, False]",8.csv,110.5,3,0,8.467926891658722,0.5406717315279131,0.1136692052115717,7.82892944385917e-05,[0.67344501],[0]
202,1,4,100.5,1040.0,"[1020, 1041]","[1020, 1041]","[0.63, 1.14]","[False, False]",8.csv,125.5,2,0,6.874727216905347,0.5526940456174826,0.1395823678795422,0.0001362598973817,[0.51544978],[0]
203,2,6,110.5,1040.0,"[1020, 1041]","[1020, 1041]","[0.8, 1.2]","[False, False]",8.csv,135.5,2,0,5.728834663769637,0.521090799986014,0.1440096367583771,0.0001274717682279,[0.74928947],[0]
204,3,0,133.4,2006.0,"[2015, 2019]","[2015, 2019]","[0.77, 0.77]","[False, False]",8.csv,158.4,2,0,8.148976468730286,0.5422208715634557,0.0975103338550596,0.0002042112198399,[0.63738762],[0]
205,4,1,138.4,2006.0,"[2015, 2019]","[2015, 2019]","[0.56, 0.49]","[False, False]",8.csv,163.4,2,0,8.216416215292007,0.5265545875412675,0.0873538675492312,0.0002038685191409,[0.54572786],[0]
206,5,2,143.4,2006.0,"[2015, 2019]","[2015, 2019]","[0.42, 0.22]","[False, False]",8.csv,168.4,2,0,8.165750532357778,0.5149850085054417,0.0775760485876096,0.0001967193284256,[0.45818951],[0]
207,6,3,148.4,2006.0,"[2015, 2019]","[2015, 2019]","[0.34, 0.16]","[False, False]",8.csv,173.4,2,0,8.168815165133838,0.4989399119008174,0.0676688799943269,0.0002037148486627,[0.37543627],[0]
208,7,4,153.4,2006.0,"[2015, 2019]","[2015, 2019]","[0.29, 0.12]","[False, False]",8.csv,178.4,2,0,8.249839881449777,0.4833126709721457,0.0594995338150237,0.0002049575191851,[0.22941274],[0]
209,8,5,158.4,2006.0,"[2015, 2019]","[2015, 2019]","[1.08, 0.77]","[False, False]",8.csv,183.4,2,0,8.148639090399552,0.4971699664114158,0.057517410119891,0.0002146070102908,[0.67563805],[0]
210,9,6,163.4,2006.0,"[2015, 2019]","[2015, 2019]","[0.77, 0.57]","[False, False]",8.csv,188.4,2,0,8.103350256178635,0.5106181640577954,0.0559828808019025,0.000207679366688,[0.50868342],[0]
211,10,7,168.4,2006.0,"[2015, 2019]","[2015, 2019]","[0.37, 0.25]","[False, False]",8.csv,193.4,2,0,8.168718843287836,0.5224618028821841,0.0552446926491437,0.0002147450291781,[0.08820886],[0]
212,11,2,192.1,2520.0,"[1115, 2691, 751]","[1115, 2691, 751]","[0.4, 0.38, 0.1]","[False, False, False]",8.csv,217.1,3,1,8.648956656084067,0.7216261448741265,0.0994255114355185,0.000140557247211,[0.36058636],[0]
213,12,3,197.1,2520.0,"[1115, 2691, 751]","[1115, 2691, 751]","[0.43, 1.05, 0.45]","[False, False, False]",8.csv,222.1,3,1,9.24269654098678,0.7474770586496589,0.1025209744717538,5.5077347411493394e-05,[0.36615358],[0]
214,13,0,253.2,2442.0,"[4020, 2670]","[4020, 2670]","[0.55, 0.53]","[False, False]",8.csv,278.2,2,0,11.690753895184136,0.3498182940824904,0.0297625062672892,0.0001171254494302,[0.09345937 0.51341101],[0.         0.01658899]
215,14,1,258.2,2442.0,"[4020, 2670]","[4020, 2670]","[0.78, 1.07]","[False, False]",8.csv,283.2,2,0,11.793381044487427,0.3555997888276665,0.0299031016184785,0.00011976771816,[0.38230718 0.81016299],[0.         0.25983701]
216,15,2,263.2,2442.0,"[4020, 2670]","[4020, 2670]","[0.77, 0.85]","[False, False]",8.csv,288.2,2,0,11.884815844895936,0.3619418175262769,0.0300966614604938,0.0001246979778637,[0.53955706 0.83982975],[0.         0.01017025]
217,16,2,401.0,4347.0,"[2698, 4562]","[2698, 4562]","[0.73, 0.7]","[False, False]",8.csv,426.0,2,0,4.038301483204483,0.8131485063575241,0.0820597814582253,0.0003357052096965,[0.42227981 0.42400505],[0.         0.27599495]
218,17,3,406.0,4347.0,"[2698, 4562]","[2698, 4562]","[0.33, 0.26]","[False, False]",8.csv,431.0,2,0,2.7908898571649834,0.8039038166255746,0.105710433107357,0.0005808903896436,[0.1818621  0.36418966],[0.         0.10418966]
219,18,4,421.0,4347.0,"[2698, 4562]","[2698, 4562]","[0.26, 0.25]","[False, False]",8.csv,446.0,2,0,1.0546837269142215,0.7139624790980783,0.1936077810949486,0.0005738227062683,[0.24674491 0.3426754 ],[0.        0.0926754]
220,19,5,426.0,4347.0,"[2698, 4562]","[2698, 4562]","[0.17, 0.34]","[False, False]",8.csv,451.0,2,0,0.9947810882314236,0.6540203069524684,0.1920370192439389,0.0007709234012201,[0.19631467 0.33455206],[0.         0.00544794]
221,20,6,431.0,4347.0,"[2698, 4562]","[2698, 4562]","[0.42, 0.48]","[False, False]",8.csv,456.0,2,0,0.7405114966553712,0.5641346495289562,0.196507501847798,0.0,[0.30892694 0.33934036],[0.         0.14065964]
222,21,0,324.5,4209.0,"[5403, 1788]","[5403, 1788]","[0.12, 0.63]","[False, False]",8.csv,349.5,2,1,13.281429910714271,1.1061321049061186,0.072769461759018,0.000408129342451,[0.19893719 0.31500568],[0.         0.31499432]
223,22,1,356.6,4746.0,"[2006, 4681, 2348]","[2006, 4681, 2348]","[0.67, 0.96, 0.93]","[False, False, False]",8.csv,381.6,3,1,12.906546586715756,0.5336231256277234,0.052456051653258,0.0001535794175036,[0.78839017],[0]
224,23,2,361.6,4746.0,"[2006, 4681, 2348]","[2006, 4681, 2348]","[0.9, 0.96, 0.79]","[False, False, False]",8.csv,386.6,3,1,12.793958413926378,0.5527110648081788,0.0558625588464243,0.000162500667022,[1.07815837],[0]
225,24,3,366.6,4746.0,"[2006, 4681]","[2006, 4681]","[0.88, 0.57]","[False, False]",8.csv,391.6,2,1,12.708367886178737,0.5630571786281738,0.063529564845029,0.0001848308129069,[0.6943106],[0]
226,25,4,371.6,4746.0,"[2006, 4681]","[2006, 4681]","[0.67, 0.61]","[False, False]",8.csv,396.6,2,1,12.47273019271936,0.5845879440581142,0.0692406640487608,0.0001726450593727,[0.87900618],[0]
227,26,6,381.6,4746.0,"[2006, 4681]","[2006, 4681]","[0.63, 0.87]","[False, False]",8.csv,406.6,2,1,12.050126498800816,0.6288160511911638,0.0827748616817996,0.000199831385241,[0.6155164],[0]
228,27,0,428.0,7107.0,"[6858, 6746]","[6858, 6746]","[0.75, 0.7]","[False, False]",8.csv,453.0,2,1,10.196122714404368,0.8004441230748285,0.1322210700029661,0.0001395178537543,[0.58805928],[0]
229,28,1,433.0,7107.0,"[6858, 6746]","[6858, 6746]","[0.59, 0.49]","[False, False]",8.csv,458.0,2,1,10.392591878043852,0.8334117072129256,0.1367152152037692,9.12834447511312e-05,[0.47409031],[0]
230,29,2,438.0,7107.0,"[6858, 6746]","[6858, 6746]","[0.52, 0.55]","[False, False]",8.csv,463.0,2,1,10.394125613695076,0.8257087485536174,0.1332436864338231,0.0001284276495747,[0.51369605],[0]
231,30,3,443.0,7107.0,"[6858, 6746]","[6858, 6746]","[0.61, 0.61]","[False, False]",8.csv,468.0,2,1,10.352389794580432,0.7920618431429536,0.1303012882393978,0.0,[0.59246971],[0]
232,31,0,441.1,5342.0,"[4746, 2006]","[4746, 2006]","[0.32, 0.23]","[False, False]",8.csv,466.1,2,1,9.552384937238394,1.124206945441126,0.1795251992932635,0.0001825185027381,[0.3085479],[0]
233,32,1,446.1,5342.0,"[4746, 2006]","[4746, 2006]","[0.5, 0.24]","[False, False]",8.csv,471.1,2,1,9.8799907407405,1.1551169449886274,0.1846487553693261,0.0002817774383783,[0.78222477],[0]
234,33,2,451.1,5342.0,"[4746, 2006]","[4746, 2006]","[0.55, 0.46]","[False, False]",8.csv,476.1,2,1,9.985077338129267,1.2174683606515184,0.187173159648608,0.0005163397507547,[0.55803961],[0]
235,34,4,461.1,5342.0,"[4746, 2006]","[4746, 2006]","[0.21, 0.14]","[False, False]",8.csv,486.1,2,1,10.279641025640707,1.0441773571186164,0.2286738454610128,0.0,[0.21586946],[0]
236,35,0,15.0,80.0,"[74, 79]","[74, 79]","[1.06, 0.79]","[False, False]",8.csv,40.0,2,0,12.84152662907272,1.1004376322538572,0.0725530191074583,0.0002029880929074,[0.23581942 0.85645887],[0.         0.06645887]
237,36,1,20.0,80.0,"[74, 79]","[74, 79, 53]","[0.93, 1.1]","[False, False]",8.csv,45.0,2,0,11.96514142538977,1.0053555051635628,0.0735810023498249,0.0001685511450001,[0.33161252 1.017681  ],[0.       0.082319]
238,37,2,320.0,80.0,"[74, 79]","[74, 79]","[1.23, 1.49]","[False, False]",8.csv,345.0,2,0,11.498242413793132,0.4573047340736438,0.0392067144436533,0.0001524991783879,[0.13622211 1.4316758 ],[0.        0.0583242]
239,38,0,25.0,74.0,"[79, 53, 65, 62]","[79, 53, 65, 62]","[0.23, 0.88, 0.92, 1.43]","[False, False, True, True]",8.csv,50.0,4,1,11.292865856713425,0.887541082376284,0.0684238822223262,7.265610005025354e-05,[0.87621673 0.24241575],[0]
240,39,1,30.0,74.0,"[79, 53, 65, 62]","[79, 53, 65, 62]","[0.47, 0.97, 0.84, 1.27]","[False, False, True, True]",8.csv,55.0,4,1,11.02372973588341,0.8547712786097442,0.0745828442096381,6.423187719901658e-05,[0.77842774 0.35202224],[0]
241,40,2,35.0,74.0,"[79, 53, 65, 62]","[79, 53, 65, 62]","[0.23, 0.82, 0.72, 1.48]","[False, False, True, True]",8.csv,60.0,4,1,11.530464106844727,0.8643517617276462,0.0780569924180561,0.0001747414202329,[1.1440854  0.24957817],[0]
242,41,0,40.4,53.0,"[65, 62]","[65, 62]","[0.33, 0.47]","[True, True]",8.csv,65.4,2,0,10.787407110091726,0.8913472447931494,0.0799173272320563,0.0002393060023281,[0.30121191 0.74472816],[0.         0.27472816]
243,42,1,45.4,53.0,"[65, 62]","[65, 62]","[0.36, 0.63]","[True, True]",8.csv,70.4,2,0,9.534012784090892,0.90791476725923,0.0825746098863051,0.0002530570060616,[0.19590774 0.22987564],[0.         0.40012436]
244,43,2,50.4,53.0,"[65, 62]","[65, 62]","[0.35, 0.56]","[True, True]",8.csv,75.4,2,0,8.229954244031816,0.9071735141258024,0.0841990996384098,0.0002355039910553,[0.24703608 0.18644875],[0.         0.37355125]
245,44,3,290.4,53.0,"[65, 62]","[65, 62]","[0.51, 0.96]","[True, True]",8.csv,315.4,2,0,13.385669745131736,0.3882346167935361,0.0329238603140953,0.0001413543287698,[0.3800107  0.38432527],[0.         0.57567473]
246,45,4,295.4,53.0,"[65, 62]","[65, 62]","[0.47, 0.53]","[True, True]",8.csv,320.4,2,0,13.386534419221707,0.3959696130004959,0.0338080833284416,0.0001448348862737,[0.37421095 0.31010967],[0.         0.21989033]
247,46,0,366.1,5082.0,"[3147, 3307]","[3147, 3307]","[1.2, 0.75]","[False, False]",8.csv,391.1,2,1,12.883439176954589,0.578429141951029,0.0359703260667198,0.0002138766091553,[0.66160834 0.49514679],[0.         0.25485321]
248,47,0,15.0,93.0,"[95, 98, 81, 73, 78, 70]","[95, 98, 81, 73, 78, 70]","[0.45, 0.52, 0.62, 0.72, 1.02, 1.25]","[False, False, False, False, False, False]",8.csv,40.0,6,0,14.374104845446931,1.032405754593334,0.0708223261172307,0.0002137709813378,[0.34753965 0.46677363 0.16959025 0.48404101 0.27284324 0.36494985],[0.         0.05322637 0.45040975 0.23595899 0.74715676 0.88505015]
249,48,1,20.0,93.0,"[95, 98, 81, 73, 70]","[95, 98, 81, 73, 78, 70]","[0.46, 0.62, 0.59, 1.24, 1.28]","[False, False, False, False, False]",8.csv,45.0,5,0,12.731546770601312,0.9535369489333474,0.0722804067875569,0.0001818558013071,[0.81125677 1.07716765 0.29924495 0.20536139 0.43186986],[0.         0.45716765 0.29075505 1.03463861 0.84813014]
250,49,2,25.0,93.0,"[95, 98, 81, 73]","[95, 98, 81, 73, 78, 70]","[0.49, 0.72, 0.62, 1.21]","[False, False, False, False]",8.csv,50.0,4,0,11.942360971943865,0.8990299651521079,0.0785624166635398,0.0001999552472983,[1.06497234 0.50740041 0.51975549 0.46159334],[0.         0.21259959 0.10024451 0.74840666]
251,50,3,30.0,93.0,"[95, 98, 81, 73]","[95, 98, 81, 73, 78, 70]","[0.39, 0.62, 0.78, 1.14]","[False, False, False, False]",8.csv,55.0,4,0,11.77944376138431,0.8970226688470709,0.0811828697588895,0.0002777286776329,[0.45521995 0.20639107 0.55660681 0.35725759],[0.         0.41360893 0.22339319 0.78274241]
252,51,4,35.0,93.0,"[95, 98, 81, 73, 78, 70]","[95, 98, 81, 73, 78, 70]","[0.28, 0.51, 0.8, 0.91, 1.13, 1.31]","[False, False, False, False, False, False]",8.csv,60.0,6,0,11.73265962314328,0.8566821663212634,0.0782102666691914,0.0002428513170911,[1.01281917 0.58197957 0.67152438 0.3907196  0.810649   0.9331848 ],[0.         0.07197957 0.12847562 0.5192804  0.319351   0.3768152 ]
253,52,5,40.0,93.0,"[95, 98, 81, 73, 78, 70]","[95, 98, 81, 73, 78, 70]","[0.35, 0.46, 0.37, 0.08, 0.09, 1.37]","[False, False, False, False, False, False]",8.csv,65.0,6,0,10.608155095946858,0.9043432714684444,0.0860437913364604,0.0002735215180941,[1.36384714 0.29355052 0.37308452 0.38540783 0.63260526 0.11056482],[0.         0.16644948 0.00308452 0.30540783 0.54260526 1.25943518]
254,53,6,45.0,93.0,"[95, 98, 81, 73, 78]","[95, 98, 81, 73, 78]","[0.2, 0.41, 0.37, 0.11, 0.43]","[False, False, False, False, False]",8.csv,70.0,5,0,8.199744635193147,0.9669963746363548,0.0894718865516145,0.0002587524324502,[0.31037153 0.34351635 0.16265512 0.63240565 0.18338692],[0.         0.06648365 0.20734488 0.52240565 0.24661308]
255,54,7,50.0,93.0,"[95, 98, 81, 73, 78]","[95, 98, 81, 73, 78]","[0.22, 0.4, 0.39, 0.5, 0.5]","[False, False, False, False, False]",8.csv,75.0,5,0,7.236861949265719,0.9603366024963368,0.0921260461588134,0.0002416611042411,[0.99771291 0.62609129 0.53412559 0.63301955 0.23464199],[0.         0.22609129 0.14412559 0.13301955 0.26535801]
256,55,8,55.0,93.0,"[95, 98, 81, 73, 78]","[95, 98, 81, 73, 78]","[0.39, 0.19, 0.04, 0.5, 0.49]","[False, False, False, False, False]",8.csv,80.0,5,0,6.798520525657111,0.911157376658991,0.0977526293344821,0.0001828690100729,[1.12819416 0.63262971 0.14343965 0.35846703 0.27036313],[0.         0.44262971 0.10343965 0.14153297 0.21963687]
257,56,9,60.0,93.0,"[95, 98, 81, 73, 78]","[95, 98, 81, 73, 78]","[0.34, 0.14, 0.09, 0.51, 0.49]","[False, False, False, False, False]",8.csv,85.0,5,0,6.109659128386389,0.8942318837812632,0.1054708676007044,0.0001322049022508,[1.12504737 0.52288616 0.39386391 0.36034915 0.22334795],[0.         0.38288616 0.30386391 0.14965085 0.26665205]
258,57,10,65.0,93.0,"[95, 98, 81, 73, 78]","[95, 98, 81, 73, 78]","[0.36, 0.13, 0.15, 0.54, 0.51]","[False, False, False, False, False]",8.csv,90.0,5,0,5.386498553948894,0.8832521639439863,0.1158750470695754,0.0001547269956864,[1.12665699 0.56844461 0.19806064 0.36512989 0.21688728],[0.         0.43844461 0.04806064 0.17487011 0.29311272]
259,58,11,70.0,93.0,"[95, 98, 81, 73, 78]","[95, 98, 81, 73, 78]","[0.34, 0.36, 0.08, 0.53, 0.5]","[False, False, False, False, False]",8.csv,95.0,5,0,4.66804257112756,0.8778002212449558,0.1325067103916397,0.0001150271801031,[1.12904451 0.54617746 0.45822092 0.59414742 0.21578647],[0.         0.18617746 0.37822092 0.06414742 0.28421353]
260,59,12,75.0,93.0,"[95, 98, 81, 73]","[95, 98, 81, 73]","[0.22, 0.33, 0.23, 0.57]","[False, False, False, False]",8.csv,100.0,4,0,3.884897772772854,0.8213691286817846,0.1531610975740094,9.926510747205638e-05,[0.53939646 0.23465991 0.17374088 0.28609617],[0.         0.09534009 0.05625912 0.28390383]
261,60,13,80.0,93.0,"[95, 98, 81, 73, 78]","[95, 98, 81, 73, 78]","[0.09, 0.06, 0.1, 0.22, 0.12]","[False, False, False, False, False]",8.csv,105.0,5,0,3.2752562440420308,0.7800063200795369,0.1654333261126903,7.64726695847503e-05,[0.89134375 0.35173566 0.30953891 0.06394961 0.11200246],[0.         0.29173566 0.20953891 0.15605039 0.00799754]
262,61,14,85.0,93.0,"[95, 98, 81, 73, 78]","[95, 98, 81, 73, 78]","[0.58, 0.55, 0.69, 0.69, 0.66]","[False, False, False, False, False]",8.csv,110.0,5,0,3.0066841674250098,0.690015950560699,0.1803955361287762,7.8406706226378e-05,[0.30076096 0.25217572 0.16137631 0.12684044 0.35914166],[0.         0.29782428 0.52862369 0.56315956 0.30085834]
263,62,15,90.0,93.0,"[95, 98, 81, 73, 78]","[95, 98, 81, 73, 78]","[0.17, 0.13, 0.15, 0.16, 0.3]","[False, False, False, False, False]",8.csv,115.0,5,0,3.12120748476944,0.6250835829238556,0.1853488870845311,4.687333554644524e-05,[0.36403383 0.2529326  0.25930981 0.12830183 0.15320562],[0.         0.1229326  0.10930981 0.03169817 0.14679438]
264,63,16,95.0,93.0,"[95, 98, 81, 73, 78]","[95, 98, 81, 73, 78]","[0.22, 0.25, 0.41, 0.5, 0.28]","[False, False, False, False, False]",8.csv,120.0,5,0,3.209081984987544,0.609484968362078,0.1755823226723926,0.0001464214458615,[0.50147704 0.06697214 0.17531426 0.30691136 0.1629672 ],[0.         0.18302786 0.23468574 0.19308864 0.1170328 ]
265,64,17,100.0,93.0,"[95, 98, 81, 73, 78]","[95, 98, 81, 73, 78]","[0.46, 0.69, 0.65, 0.64, 0.53]","[False, False, False, False, False]",8.csv,125.0,5,0,3.397259367494049,0.6083092925980695,0.1615283884463358,0.0002478013983717,[0.34992563 0.2293727  0.18668544 0.36821758 0.30999277],[0.         0.4606273  0.46331456 0.27178242 0.22000723]
266,65,18,105.0,93.0,"[95, 98, 81, 73, 78]","[95, 98, 81, 73, 78]","[0.37, 0.74, 0.71, 0.69, 0.36]","[False, False, False, False, False]",8.csv,130.0,5,0,3.570716705157867,0.5962128808610418,0.1418019436306362,0.0002870553051657,[1.12173053 0.1109701  0.23499629 0.32256165 0.38995931],[0.         0.6290299  0.47500371 0.36743835 0.02995931]
267,66,19,110.0,93.0,"[95, 98, 81, 73, 78]","[95, 98, 81, 73, 78]","[0.31, 0.69, 0.7, 0.63, 0.35]","[False, False, False, False, False]",8.csv,135.0,5,0,3.772208265381813,0.6070475093296823,0.1317817335649799,0.0002863247801818,[0.29073787 0.23400934 0.30145542 0.38900365 0.40938624],[0.         0.45599066 0.39854458 0.24099635 0.05938624]
268,67,20,115.0,93.0,"[95, 98, 81, 73, 78]","[95, 98, 81, 73, 78]","[0.56, 0.92, 0.94, 0.75, 0.82]","[False, False, False, False, False]",8.csv,140.0,5,0,4.013566797712703,0.6226664086906301,0.1257285892961397,0.0002933720423947,[0.22983847 0.15461358 0.23761236 0.32146481 0.39024359],[0.         0.76538642 0.70238764 0.42853519 0.42975641]
269,68,21,120.0,93.0,"[95, 98, 81, 73, 78]","[95, 98, 81, 73, 78]","[0.32, 0.69, 0.66, 0.55, 0.33]","[False, False, False, False, False]",8.csv,145.0,5,0,4.426345583160848,0.6218157335003232,0.1170892704229755,0.0002706510214055,[0.20951495 0.10826517 0.23548809 0.30080583 0.32297175],[0.         0.58173483 0.42451191 0.24919417 0.00702825]
270,69,22,125.0,93.0,"[95, 98, 81, 73, 78]","[95, 98, 81, 73, 78]","[0.43, 0.82, 0.99, 0.73, 1.05]","[False, False, False, False, False]",8.csv,150.0,5,0,4.99030253502339,0.6149010940845567,0.1064989639843593,0.0002633017219466,[0.40697937 0.44822604 0.54942596 0.59692599 0.47047257],[0.         0.37177396 0.44057404 0.13307401 0.57952743]
271,70,23,130.0,93.0,"[95, 98, 81, 73, 78]","[95, 98, 81, 73, 78]","[0.31, 0.27, 0.62, 0.79, 1.1]","[False, False, False, False, False]",8.csv,155.0,5,0,5.550238010000069,0.5759774018329404,0.0905123738460983,0.0002171490418722,[0.42797861 0.45322643 0.38071271 0.32431836 0.28266329],[0.         0.18322643 0.23928729 0.46568164 0.81733671]
272,71,24,135.0,93.0,"[95, 98, 81, 73, 78]","[95, 98, 81, 73, 78]","[0.21, 0.25, 0.52, 0.68, 0.8]","[False, False, False, False, False]",8.csv,160.0,5,0,6.080835703955641,0.5352186585543659,0.0769289858380073,0.0001875717255462,[0.48632356 0.43082659 0.40519407 0.32085942 0.2070098 ],[0.         0.18082659 0.11480593 0.35914058 0.5929902 ]
273,72,25,140.0,93.0,"[95, 98, 81, 73, 78]","[95, 98, 81, 73, 78]","[0.2, 0.36, 0.62, 0.7, 0.75]","[False, False, False, False, False]",8.csv,165.0,5,0,6.681477333609426,0.5013046422067243,0.0653903560369328,0.0001842470336175,[0.3244912  0.48960333 0.46887369 0.47571167 0.42872282],[0.         0.12960333 0.15112631 0.22428833 0.32127718]
274,73,26,145.0,93.0,"[95, 98, 81, 73, 78]","[95, 98, 81, 73, 78]","[0.46, 0.51, 0.66, 0.69, 0.74]","[False, False, False, False, False]",8.csv,170.0,5,0,7.06430122171322,0.4793576304542112,0.058044107557438,0.0001701903462734,[0.39092786 0.44384013 0.40856301 0.38972963 0.44718977],[0.         0.06615987 0.25143699 0.30027037 0.29281023]
275,74,27,150.0,93.0,"[95, 98, 81, 73, 78]","[95, 98, 81, 73, 78]","[0.58, 0.43, 0.65, 0.64, 0.76]","[False, False, False, False, False]",8.csv,175.0,5,0,7.282779592803969,0.4849208237761022,0.057319725182219,0.0001798287586864,[0.34788586 0.51742654 0.38679304 0.38199397 0.63172631],[0.         0.08742654 0.26320696 0.25800603 0.12827369]
276,75,28,155.0,93.0,"[95, 98, 81, 73, 78]","[95, 98, 81, 73, 78]","[0.5, 0.43, 0.55, 0.36, 0.36]","[False, False, False, False, False]",8.csv,180.0,5,0,7.489866009779382,0.495839724707861,0.0577793759933383,0.0001763338979324,[0.419725   0.57705287 0.3821336  0.43739307 0.44390854],[0.         0.14705287 0.1678664  0.07739307 0.08390854]
277,76,29,160.0,93.0,"[95, 98, 81, 73, 78]","[95, 98, 81, 73, 78]","[0.77, 0.77, 0.81, 0.7, 0.72]","[False, False, False, False, False]",8.csv,185.0,5,0,7.711105068253069,0.5082566557185649,0.0584272561050347,0.0001822019971416,[0.34604089 0.3619179  0.21887966 0.20558673 0.78501055],[0.         0.4080821  0.59112034 0.49441327 0.06501055]
278,77,30,165.0,93.0,"[95, 98, 81, 73, 78]","[95, 98, 81, 73, 78]","[0.89, 0.88, 0.96, 0.85, 0.86]","[False, False, False, False, False]",8.csv,190.0,5,0,7.939436026777509,0.5211530150988641,0.0588818168375736,0.0001890119398068,[0.36938783 0.34469959 0.10473917 0.22184381 0.87259566],[0.         0.53530041 0.85526083 0.62815619 0.01259566]
279,78,31,170.0,93.0,"[95, 98, 81, 73, 78]","[95, 98, 81, 73, 78]","[0.88, 0.87, 0.97, 0.88, 0.87]","[False, False, False, False, False]",8.csv,195.0,5,0,8.170859255313342,0.53399721809248,0.0592630500174127,0.0001967564741613,[0.40656596 0.33868384 0.13455929 0.08861191 0.93214217],[0.         0.53131616 0.83544071 0.79138809 0.06214217]
280,79,32,175.0,93.0,"[95, 98, 81, 73, 78]","[95, 98, 81, 73, 78]","[0.86, 0.84, 0.9, 0.88, 0.9]","[False, False, False, False, False]",8.csv,200.0,5,0,8.444087013600557,0.5481222472878036,0.0597056874293363,0.0001997847998304,[0.29142926 0.37694444 0.2791751  0.128391   0.94510007],[0.         0.46305556 0.6208249  0.751609   0.04510007]
281,80,33,180.0,93.0,"[95, 98, 81, 73, 78]","[95, 98, 81, 73, 78]","[0.88, 0.87, 0.87, 0.89, 0.86]","[False, False, False, False, False]",8.csv,205.0,5,0,8.742009508766305,0.5632394629515642,0.0603889212074079,0.0002025929992196,[0.10771434 0.17371293 0.0884901  0.12075407 0.90758912],[0.         0.69628707 0.7815099  0.76924593 0.04758912]
282,81,34,185.0,93.0,"[95, 98, 81, 73]","[95, 98, 81, 73, 78]","[1.4, 1.06, 0.98, 1.24]","[False, False, False, False]",8.csv,210.0,4,0,8.892364078439748,0.5866303733982864,0.0635075316458089,0.0001932690142747,[0.54922568 0.39411307 0.2391286  1.0885943 ],[0.         0.66588693 0.7408714  0.1514057 ]
283,82,35,190.0,93.0,"[95, 98, 81, 73, 78]","[95, 98, 81, 73, 78]","[0.52, 0.57, 0.97, 1.19, 1.15]","[False, False, False, False, False]",8.csv,215.0,5,0,9.259927291547834,0.5945756755867653,0.0621036546272596,0.0002090626858072,[0.47457906 0.46186402 0.39092376 0.22537386 0.6097264 ],[0.         0.10813598 0.57907624 0.96462614 0.5402736 ]
284,83,36,195.0,93.0,"[95, 98, 81, 73, 78]","[95, 98, 81, 73, 78]","[0.25, 0.35, 0.53, 1.05, 1.01]","[False, False, False, False, False]",8.csv,220.0,5,0,9.37781365199854,0.6090636019550205,0.0627099571293581,0.0002092446850591,[1.25635304 0.53820668 0.21738133 0.38129384 0.14560244],[0.         0.18820668 0.31261867 0.66870616 0.86439756]
285,84,37,200.0,93.0,"[95, 98, 81, 73]","[95, 98, 81, 73]","[0.11, 0.34, 0.59, 1.05]","[False, False, False, False]",8.csv,225.0,4,0,9.247875374150018,0.6270898373447142,0.0655261765165456,0.0001640944017743,[0.45969154 0.33151191 0.20860651 0.11157461],[0.         0.00848809 0.38139349 0.93842539]
286,85,38,205.0,93.0,"[95, 98, 81, 73]","[95, 98, 81, 73]","[0.18, 0.36, 0.61, 1.05]","[False, False, False, False]",8.csv,230.0,4,0,9.300969828445297,0.6378233998888512,0.0655242851158888,0.0001342032410855,[0.53239454 0.45919651 0.27050933 0.11931315],[0.         0.09919651 0.33949067 0.93068685]
287,86,39,210.0,93.0,"[95, 98, 81, 73, 78]","[95, 98, 81, 73, 78]","[0.53, 0.58, 0.83, 1.18, 1.31]","[False, False, False, False, False]",8.csv,235.0,5,0,9.602859378848812,0.647543240470674,0.063901586345468,0.0001452522386812,[1.31255957 0.46626121 0.35786527 0.21680267 0.57404781],[0.         0.11373879 0.47213473 0.96319733 0.73595219]
288,87,40,215.0,93.0,"[95, 98, 81, 73, 78]","[95, 98, 81, 73, 78]","[1.03, 1.14, 1.08, 1.04, 1.04]","[False, False, False, False, False]",8.csv,240.0,5,0,9.7587650584572,0.6619190951609946,0.0639137421925485,0.0001574024855167,[1.29351199 0.39785648 0.42804771 0.25610446 0.63471384],[0.         0.74214352 0.65195229 0.78389554 0.40528616]
289,88,41,220.0,93.0,"[95, 98, 81, 73, 78]","[95, 98, 81, 73, 78]","[0.95, 0.89, 0.85, 0.84, 0.6]","[False, False, False, False, False]",8.csv,245.0,5,0,9.874194640234512,0.6780692525763544,0.0641166234883794,0.0001599441799551,[1.4524313  0.18620306 0.51805518 0.16635985 1.13139852],[0.         0.70379694 0.33194482 0.67364015 0.53139852]
290,89,42,225.0,93.0,"[95, 98, 81, 73, 78]","[95, 98, 81, 73, 78]","[0.42, 0.28, 0.47, 0.41, 0.79]","[False, False, False, False, False]",8.csv,250.0,5,0,10.000425127548276,0.6940174846615572,0.0638599680488161,0.0001745672359571,[0.38574607 0.15191181 0.30014685 0.34236866 0.40119977],[0.         0.12808819 0.16985315 0.06763134 0.38880023]
291,90,43,230.0,93.0,"[95, 98, 81, 73, 78]","[95, 98, 81, 73, 78]","[0.41, 0.26, 0.42, 0.5, 0.4]","[False, False, False, False, False]",8.csv,255.0,5,0,10.293309037622173,0.71051454258705,0.0629178624796426,0.0001917679397417,[1.19021815 0.11229702 0.18638694 0.14259577 0.39881691],[0.         0.14770298 0.23361306 0.35740423 0.00118309]
292,91,44,235.0,93.0,"[95, 98, 81, 73, 78]","[95, 98, 81, 73, 78]","[0.6, 0.38, 0.52, 0.34, 0.71]","[False, False, False, False, False]",8.csv,260.0,5,0,10.673367335222585,0.7288247461316021,0.0616853182617263,0.0002106963884011,[0.47795112 0.31449855 0.36237795 0.1504495  0.69795703],[0.         0.06550145 0.15762205 0.1895505  0.01204297]
293,92,45,240.0,93.0,"[95, 98, 81, 73, 78]","[95, 98, 81, 73, 78]","[0.99, 0.93, 0.66, 0.6, 0.54]","[False, False, False, False, False]",8.csv,265.0,5,0,11.129840008274185,0.7506222648922755,0.0611694818095829,0.0002308010161427,[0.41434446 0.24182449 0.06089237 0.12659987 0.94773759],[0.         0.68817551 0.59910763 0.47340013 0.40773759]
294,93,46,245.0,93.0,"[95, 98, 81, 73, 78]","[95, 98, 81, 73, 78]","[0.44, 0.47, 0.54, 0.53, 0.37]","[False, False, False, False, False]",8.csv,270.0,5,0,11.710919923781937,0.7745253620002494,0.0609762797141998,0.0002535989382722,[0.11917557 0.37953929 0.47514358 0.10159255 0.39941387],[0.         0.09046071 0.06485642 0.42840745 0.02941387]
295,94,47,250.0,93.0,"[95, 98, 81, 73, 78]","[95, 98, 81, 73, 78]","[0.7, 0.74, 0.42, 0.5, 0.11]","[False, False, False, False, False]",8.csv,275.0,5,0,12.374081620903578,0.8004708233861767,0.0608985325596159,0.0002628713635666,[0.50086597 0.58733472 0.58828645 0.14598509 0.8464866 ],[0.         0.15266528 0.16828645 0.35401491 0.7364866 ]
296,95,48,255.0,93.0,"[95, 98, 81, 73, 78]","[95, 98, 81, 73, 78]","[0.52, 0.65, 0.69, 0.9, 0.81]","[False, False, False, False, False]",8.csv,280.0,5,0,13.04447948925426,0.831323172245318,0.0614886905672281,0.0002919968210049,[0.18531145 1.47932514 0.63703231 0.29260736 0.52161274],[0.         0.82932514 0.05296769 0.60739264 0.28838726]
297,96,49,260.0,93.0,"[95, 98, 81, 73, 78]","[95, 98, 81, 73, 78]","[0.52, 0.58, 0.85, 1.07, 1.18]","[False, False, False, False, False]",8.csv,285.0,5,0,13.721354836937746,0.8575142849030154,0.0618600257063782,0.0002875255941159,[0.40625119 0.82614413 0.61748415 0.38597141 0.52411753],[0.         0.24614413 0.23251585 0.68402859 0.65588247]
298,97,0,265.0,98.0,"[81, 73]","[81, 73, 78]","[0.83, 1.42]","[False, False]",8.csv,290.0,2,0,14.643543479289878,0.8631020891179538,0.060881240216714,0.0002889170376748,[0.76128762 0.83581138],[0.         0.58418862]
299,98,0,273.3,19.0,"[1961, 284]","[1961, 284]","[1.22, 0.48]","[False, False]",8.csv,298.3,2,0,14.89791183465006,0.8056087111702783,0.0555009533029759,0.0003444023051895,[1.27380363 1.14388363],[0.         0.66388363]
300,99,1,278.3,19.0,"[1961, 284]","[1961, 284]","[0.67, 0.5]","[False, False]",8.csv,303.3,2,0,15.135740513131609,0.838727838878208,0.057163319033426,0.0003841151553864,[0.50149149 0.47418706],[0.         0.02581294]
301,100,2,283.3,19.0,"[1961, 284]","[1961, 284]","[0.23, 0.63]","[False, False]",8.csv,308.3,2,0,15.448364599213132,0.8750604115056202,0.05920365287755,0.0004187425440579,[0.30814296 0.17738228],[0.         0.45261772]
302,101,3,288.3,19.0,"[1961, 284]","[1961, 284]","[0.35, 0.32]","[False, False]",8.csv,313.3,2,0,15.709686996576966,0.913604668669884,0.0614901929048925,0.0004160867593071,[0.56254505 0.21646888],[0.         0.10353112]
303,102,4,293.3,19.0,"[1961, 284]","[1961, 284]","[0.46, 0.38]","[False, False]",8.csv,318.3,2,0,15.910162883179972,0.9547807461097354,0.0641530464495807,0.000428773201775,[0.68279126 0.31931389],[0.         0.06068611]
304,103,5,298.3,19.0,"[1961, 284]","[1961, 284]","[0.95, 0.64]","[False, False]",8.csv,323.3,2,0,16.04162179346207,0.9924997396440663,0.0671440291863704,0.000463228949333,[0.76483677 1.03509898],[0.         0.39509898]
305,104,6,303.3,19.0,"[1961, 284]","[1961, 284]","[0.94, 0.8]","[False, False]",8.csv,328.3,2,0,16.185680058250927,1.0339862730928742,0.0701707242025667,0.0004810002687223,[0.54648201 0.92926904],[0.         0.12926904]
306,105,7,308.3,19.0,"[1961, 284]","[1961, 284]","[0.8, 0.82]","[False, False]",8.csv,333.3,2,0,16.312293325148513,1.0725075986968189,0.0728995627284937,0.0005285343090638,[1.20856642 0.85124294],[0.         0.03124294]
307,106,8,313.3,19.0,"[1961, 284]","[1961, 284]","[0.96, 0.69]","[False, False]",8.csv,338.3,2,0,16.457673819483617,1.10528186358553,0.0749422981275802,0.0005500217594254,[0.55773464 0.85740389],[0.         0.16740389]
308,107,0,275.0,81.0,"[73, 78]","[73, 78]","[0.74, 0.71]","[False, False]",8.csv,300.0,2,0,15.767856286124314,0.9368961877445228,0.0636789415262646,0.0002933837434981,[0.79580616 0.6120657 ],[0.        0.0979343]
309,108,1,280.0,81.0,"[73, 78]","[73, 78]","[1.5, 0.78]","[False, False]",8.csv,305.0,2,0,15.979354095285837,0.9544061564750084,0.0643595304252405,0.0003727745752982,[0.92959099 1.41847028],[0.         0.63847028]
310,109,3,290.0,81.0,"[73, 78]","[73, 78]","[0.47, 1.21]","[False, False]",8.csv,315.0,2,0,16.211765623329647,0.9838435851800448,0.0670736671156716,0.0004341899735607,[0.8105056  0.40553281],[0.         0.80446719]
311,110,4,295.0,81.0,"[73, 78]","[73, 78]","[0.38, 0.8]","[False, False]",8.csv,320.0,2,0,16.56936009748107,1.0029817315048288,0.0684058677472908,0.0005212868565234,[0.58460818 0.65299474],[0.         0.14700526]
312,111,0,15.0,94.0,"[85, 91, 103]","[85, 91, 103]","[0.78, 0.89, 1.18]","[False, False, False]",8.csv,40.0,3,0,11.217157268170402,0.983874119847444,0.0693984539410692,0.0001649594816759,[0.74817031 0.2348445  0.52523658],[0.         0.6551555  0.65476342]
313,112,1,20.0,94.0,"[85, 91, 103]","[85, 91, 103]","[0.6, 0.66, 1.06]","[False, False, False]",8.csv,45.0,3,0,10.058409428359274,0.9406939045327516,0.0764690825634493,0.0001464550866256,[0.9018815  0.32737232 0.53095543],[0.         0.33262768 0.52904457]
314,113,0,15.0,82.0,"[83, 77, 68, 69, 75]","[83, 77, 68, 66, 69, 75, 52, 57, 64, 61]","[0.39, 0.72, 1.1, 1.38, 1.37]","[False, False, False, False, False]",8.csv,40.0,5,0,13.139779197994963,1.0839362509606136,0.0711895386093425,0.0002407654850153,[0.17306964 0.23096953 0.966263   0.51605546 0.27908933],[0.         0.48903047 0.133737   0.86394454 1.09091067]
315,114,1,20.0,82.0,"[83, 77, 68, 66, 69, 75]","[83, 77, 68, 66, 69, 75]","[0.57, 0.81, 0.71, 1.01, 0.75, 0.84]","[False, False, False, False, False, False]",8.csv,45.0,6,0,11.86226531180398,0.9981894120649352,0.0713785398039629,0.0001679692665112,[0.17520095 0.12989438 0.73580959 0.79410016 0.5389736  0.27369744],[0.         0.68010562 0.02580959 0.21589984 0.2110264  0.56630256]
316,115,2,25.0,82.0,"[83, 77, 68, 66, 69, 75]","[83, 77, 68, 66, 69, 75]","[0.47, 1.39, 0.73, 0.87, 1.28, 0.86]","[False, False, False, False, False, False]",8.csv,50.0,6,0,10.9130231295925,0.926515124427082,0.074844797949338,7.26860230643275e-05,[0.22360127 0.30659202 0.62748366 0.80429188 1.02483726 0.49516644],[0.         1.08340798 0.10251634 0.06570812 0.25516274 0.36483356]
317,116,3,175.0,82.0,"[83, 77, 68, 66, 69]","[83, 77, 68, 66, 69]","[0.32, 0.23, 0.57, 0.84, 1.26]","[False, False, False, False, False]",8.csv,200.0,5,0,7.0430627495639175,0.6639314841080379,0.1034194824426412,0.0002353920164849,[0.1844046  0.33862828 0.21774496 0.15595421 0.18056382],[0.         0.10862828 0.35225504 0.68404579 1.07943618]
318,117,0,20.0,52.0,"[57, 64, 61]","[57, 64, 61]","[1.0, 1.34, 1.14]","[False, False, False]",8.csv,45.0,3,0,12.721091685226485,0.9302895216568876,0.0621453760403293,0.0002049514413308,[0.51683625 0.38564043 1.00552763],[0.         0.95435957 0.13447237]
319,118,2,30.0,52.0,"[57, 64, 61]","[57, 64, 61]","[0.96, 1.41, 1.24]","[False, False, False]",8.csv,55.0,3,0,10.894236794171285,0.8164231034826009,0.0703210186350578,9.307467391916244e-05,[0.56353571 0.55381748 0.92116023],[0.         0.85618252 0.31883977]
320,119,4,45.0,52.0,"[57, 64]","[57, 64, 61]","[0.58, 0.99]","[False, False]",8.csv,70.0,2,0,10.021848354792562,0.8858010221723561,0.0804654084222299,0.0002358709483026,[0.65081285 0.53247353],[0.         0.45752647]
321,120,5,50.0,52.0,"[57, 64, 61]","[57, 64, 61]","[0.73, 0.77, 0.64]","[False, False, False]",8.csv,75.0,3,0,9.22560558522474,0.8697645418020252,0.081387912528927,0.0002102404804307,[0.40661608 0.52180001 0.40394562],[0.         0.24819999 0.23605438]
322,121,0,25.0,85.0,"[91, 103]","[91, 103]","[0.28, 0.55]","[False, False]",8.csv,50.0,2,0,9.697930861723428,0.91339933780087,0.0848640838221687,0.0002512010374607,[0.24106606 0.33733022],[0.         0.21266978]
323,122,1,30.0,85.0,"[91, 103, 82]","[91, 103, 82, 83, 77, 68, 66, 69, 75]","[0.24, 0.49, 1.42]","[False, False, False]",8.csv,55.0,3,0,10.194014571948976,0.9291554273965672,0.0866280073520957,0.0002918514884213,[1.30566017 0.23082167 0.25461763],[0.         0.25917833 1.16538237]
324,123,2,35.0,85.0,"[91, 103, 82, 83, 77, 68, 66, 69, 75]","[91, 103, 82, 83, 77, 68, 66, 69, 75]","[0.29, 0.45, 0.64, 1.07, 1.22, 0.92, 0.94, 0.98, 1.35]","[False, False, False, False, False, False, False, False, False]",8.csv,60.0,9,0,10.25169704136522,0.9254314734294352,0.0837323612856571,0.0002124108606942,"[0.58543254 0.4359694  0.67102241 0.37160122 0.63327978 0.8719254
 0.42896856 0.82215528 1.09966831]","[0.         0.0140306  0.03102241 0.69839878 0.58672022 0.0480746
 0.51103144 0.15784472 0.25033169]"
325,124,3,40.0,85.0,"[91, 103, 82, 83, 77, 68, 66, 69, 75, 52, 57, 64, 61]","[91, 103, 82, 83, 77, 68, 66, 69, 75, 52, 57, 64, 61]","[0.39, 0.53, 0.71, 1.07, 1.15, 0.96, 0.87, 0.94, 1.29, 0.64, 0.59, 1.11, 1.11]","[False, False, False, False, False, False, False, False, False, False, False, False, False]",8.csv,65.0,13,0,10.008382541187622,0.8569948302758775,0.0770830470848987,0.0001761847880572,"[0.64525833 0.76236707 0.97181582 1.27238503 0.42241255 0.50787418
 0.69388935 0.38529414 0.18019005 0.70690601 0.19656728 0.26946072
 0.39984096]","[0.         0.23236707 0.26181582 0.20238503 0.72758745 0.45212582
 0.17611065 0.55470586 1.10980995 0.06690601 0.39343272 0.84053928
 0.71015904]"
326,125,4,45.0,85.0,"[91, 103, 82, 83, 77, 68, 66, 69, 75]","[91, 103, 82, 83, 77, 68, 66, 69, 75]","[0.41, 0.39, 0.25, 0.67, 0.53, 0.41, 0.86, 0.65, 0.93]","[False, False, False, False, False, False, False, False, False]",8.csv,70.0,9,0,9.092008941344776,0.9615417953504906,0.0889802139620958,0.0002646776479959,"[0.46787996 0.4712804  0.70506898 0.90775142 0.26301758 0.68386192
 0.16214724 0.31221102 0.22746787]","[0.         0.0812804  0.45506898 0.23775142 0.26698242 0.27386192
 0.69785276 0.33778898 0.70253213]"
327,126,5,50.0,85.0,"[91, 103, 82, 83, 77, 68, 66, 69, 75]","[91, 103, 82, 83, 77, 68, 66, 69, 75]","[0.58, 0.35, 0.55, 0.57, 0.71, 0.73, 0.92, 0.7, 0.96]","[False, False, False, False, False, False, False, False, False]",8.csv,75.0,9,0,8.612003300697227,0.9345577206973568,0.0902317818903894,0.0002111326997458,"[0.51536327 0.48122276 0.48483409 0.41186871 0.17611633 0.67246111
 0.19677576 0.23932922 0.46800964]","[0.         0.13122276 0.06516591 0.15813129 0.53388367 0.05753889
 0.72322424 0.46067078 0.49199036]"
328,127,6,55.0,85.0,"[91, 103, 82, 83, 77, 68, 66, 69, 75, 52, 57, 64, 61]","[91, 103, 82, 83, 77, 68, 66, 69, 75, 52, 57, 64, 61]","[0.36, 0.35, 0.37, 0.92, 0.99, 0.85, 0.83, 0.7, 0.87, 0.88, 0.61, 0.67, 0.25]","[False, False, False, False, False, False, False, False, False, False, False, False, False]",8.csv,80.0,13,0,8.187007437181087,0.8462620006991781,0.0854061391055714,0.0001613838736799,"[0.30376989 0.62193011 0.49054643 0.81241126 0.46230332 0.36225474
 0.47674367 0.60988329 0.12921932 0.75344027 0.28241495 0.24719819
 0.35224742]","[0.         0.27193011 0.12054643 0.10758874 0.52769668 0.48774526
 0.35325633 0.09011671 0.74078068 0.12655973 0.32758505 0.42280181
 0.10224742]"
329,128,7,60.0,85.0,"[91, 103, 82, 83, 77, 68, 66, 69, 75, 52, 57, 64, 61]","[91, 103, 82, 83, 77, 68, 66, 69, 75, 52, 57, 64, 61]","[0.31, 0.36, 0.33, 0.76, 0.74, 0.67, 0.59, 0.68, 0.75, 0.66, 0.41, 0.67, 0.64]","[False, False, False, False, False, False, False, False, False, False, False, False, False]",8.csv,85.0,13,0,7.65106127117876,0.8245627702899233,0.091983238000418,0.0001184413417219,"[0.32324092 0.60597835 0.41986833 0.88683313 0.51366181 0.36551102
 1.29568878 0.292234   0.12862442 0.41089391 0.29097852 0.29026488
 0.3119149 ]","[0.         0.24597835 0.08986833 0.12683313 0.22633819 0.30448898
 0.70568878 0.387766   0.62137558 0.24910609 0.11902148 0.37973512
 0.3280851 ]"
330,129,8,65.0,85.0,"[91, 103, 82, 83, 77, 68, 66, 69, 75, 52, 57, 64, 61]","[91, 103, 82, 83, 77, 68, 66, 69, 75, 52, 57, 64, 61]","[0.56, 0.47, 0.54, 0.75, 0.73, 0.67, 0.43, 0.45, 0.44, 1.22, 0.68, 0.79, 0.34]","[False, False, False, False, False, False, False, False, False, False, False, False, False]",8.csv,90.0,13,0,7.26997137845469,0.7932682911611855,0.0958470433040764,0.000129372242898,"[0.30919894 1.04745662 0.46810245 0.40782747 0.42802699 0.23455963
 1.32119016 0.32145281 0.21581166 0.48687705 0.29538111 0.28458068
 0.2507088 ]","[0.         0.57745662 0.07189755 0.34217253 0.30197301 0.43544037
 0.89119016 0.12854719 0.22418834 0.73312295 0.38461889 0.50541932
 0.0892912 ]"
331,130,9,70.0,85.0,"[91, 103, 82, 83, 77, 68, 66, 69, 75, 52, 57, 64, 61]","[91, 103, 82, 83, 77, 68, 66, 69, 75, 52, 57, 64, 61]","[0.38, 0.28, 0.36, 0.75, 0.77, 1.05, 1.42, 1.35, 1.06, 0.72, 0.47, 0.66, 0.18]","[False, False, False, False, False, False, False, False, False, False, False, False, False]",8.csv,95.0,13,0,6.925388202156109,0.7629698775481788,0.1028310548412362,0.0001095345705594,"[0.78039412 1.34720179 0.56398377 0.50869615 0.3043507  0.24429002
 1.20115455 0.84800433 0.09035901 0.42475587 0.28085386 0.25277396
 0.25804129]","[0.         1.06720179 0.20398377 0.24130385 0.4656493  0.80570998
 0.21884545 0.50199567 0.96964099 0.29524413 0.18914614 0.40722604
 0.07804129]"
332,131,10,75.0,85.0,"[91, 103, 82, 83, 77, 68, 66, 69, 75]","[91, 103, 82, 83, 77, 68, 66, 69, 75]","[0.24, 0.31, 0.52, 0.93, 0.78, 0.76, 0.78, 0.42, 0.4]","[False, False, False, False, False, False, False, False, False]",8.csv,100.0,9,0,6.730947763257628,0.7286461188687775,0.1268481320781387,8.868638193255875e-05,"[0.26843092 0.31429042 1.30317513 0.73796894 0.27652363 0.40027461
 0.35895232 0.4533889  0.2325122 ]","[0.         0.00429042 0.78317513 0.19203106 0.50347637 0.35972539
 0.42104768 0.0333889  0.1674878 ]"
333,132,11,80.0,85.0,"[91, 103, 82, 83, 77, 68]","[91, 103, 82, 83, 77, 68]","[0.55, 0.57, 0.65, 1.09, 1.04, 1.11]","[False, False, False, False, False, False]",8.csv,105.0,6,0,6.391098605928621,0.6601017852136455,0.1388390245004197,0.0001096101167441,[0.62655624 0.13127377 0.40464182 0.27272225 0.12646645 0.43963898],[0.         0.43872623 0.24535818 0.81727775 0.91353355 0.67036102]
334,133,12,85.0,85.0,"[91, 103, 82, 69]","[91, 103, 82, 83, 77, 68, 66, 69, 75, 52, 57]","[0.28, 0.5, 0.97, 1.46]","[False, False, False, False]",8.csv,110.0,4,0,5.9609231483169225,0.6271280482243953,0.1426324573985615,0.000101993247809,[0.23981684 0.41970736 0.2983422  0.26215594],[0.         0.08029264 0.6716578  1.19784406]
335,134,13,90.0,85.0,"[91, 103, 82, 83, 77, 68]","[91, 103, 82, 83, 77, 68, 66, 69, 75]","[0.64, 0.45, 0.56, 0.75, 0.71, 1.32]","[False, False, False, False, False, False]",8.csv,115.0,6,0,5.555409368873771,0.570599033992826,0.1491649631292508,8.429780340731889e-05,[0.58398634 0.34297915 0.73747233 0.11391268 0.13278484 0.33090894],[0.         0.10702085 0.17747233 0.63608732 0.57721516 0.98909106]
336,135,14,95.0,85.0,"[91, 103, 82, 83]","[91, 103, 82, 83, 77, 68, 66, 69, 75]","[0.44, 0.49, 0.83, 1.29]","[False, False, False, False]",8.csv,120.0,4,0,4.972856865598194,0.507193374761604,0.1564568698058389,5.016572714051525e-05,[0.72402547 0.36056437 0.11035187 0.20773571],[0.         0.12943563 0.71964813 1.08226429]
337,136,15,100.0,85.0,"[91, 103, 82, 83, 77, 68]","[91, 103, 82, 83, 77, 68, 66, 69, 75]","[0.23, 0.48, 0.57, 0.56, 0.5, 1.47]","[False, False, False, False, False, False]",8.csv,125.0,6,0,4.778247420981732,0.5149340858442257,0.160716842612351,4.652862284855927e-05,[0.61333403 0.48327383 0.45440235 0.18362275 0.2361638  0.3230915 ],[0.         0.00327383 0.11559765 0.37637725 0.2638362  1.1469085 ]
338,137,16,105.0,85.0,"[91, 103, 82, 83, 77, 68, 69, 75]","[91, 103, 82, 83, 77, 68, 66, 69, 75]","[0.24, 0.34, 0.38, 0.55, 0.67, 1.45, 1.37, 1.41]","[False, False, False, False, False, False, False, False]",8.csv,130.0,8,0,4.859978715765567,0.5142168662402778,0.1242467215825342,0.0002127749177263,"[0.4529142  0.2099314  1.08456709 0.5274454  0.4471981  0.25040811
 0.26489338 0.25126653]","[0.         0.1300686  0.70456709 0.0225546  0.2228019  1.19959189
 1.10510662 1.15873347]"
339,138,17,110.0,85.0,"[91, 103, 82, 83, 77, 68, 75]","[91, 103, 82, 83, 77, 68, 66, 69, 75, 52, 57]","[0.42, 0.29, 0.46, 0.85, 0.7, 0.76, 1.37]","[False, False, False, False, False, False, False]",8.csv,135.0,7,0,4.807551962800077,0.4994837968987905,0.1127912500474475,0.0001859400759107,"[0.47061539 0.76491888 0.7684285  0.66199732 0.42605701 0.28909824
 0.24969609]","[0.         0.47491888 0.3084285  0.18800268 0.27394299 0.47090176
 1.12030391]"
340,139,18,115.0,85.0,"[91, 103, 82, 75, 52]","[91, 103, 82, 83, 77, 68, 66, 69, 75, 52, 57]","[0.36, 0.96, 1.22, 1.46, 1.05]","[False, False, False, False, False]",8.csv,140.0,5,0,5.273447756077316,0.483447278245304,0.1093085275940333,0.0001774731699725,[1.13700478 0.20755591 0.63249996 0.92514823 0.33609196],[0.         0.75244409 0.58750004 0.53485177 0.71390804]
341,140,19,120.0,85.0,"[91, 103, 82, 83, 68, 66, 69]","[91, 103, 82, 83, 77, 68, 66, 69, 75]","[0.66, 1.14, 0.86, 1.27, 1.08, 1.09, 1.01]","[False, False, False, False, False, False, False]",8.csv,145.0,7,0,4.9256708583251365,0.5003292429821399,0.1366647561298384,9.450737764627595e-05,"[0.3553625  0.83765307 0.99174202 0.89744599 0.53067925 0.90935582
 0.47920162]","[0.         0.30234693 0.13174202 0.37255401 0.54932075 0.18064418
 0.53079838]"
342,141,20,125.0,85.0,"[91, 103, 83]","[91, 103, 82, 83, 77, 68, 66, 69, 75]","[0.57, 1.23, 1.19]","[False, False, False]",8.csv,150.0,3,0,4.746735226301517,0.4944083561625636,0.1586623039119214,0.0001217155490099,[1.15805651 1.07136354 0.77051598],[0.         0.15863646 0.41948402]
343,142,21,130.0,85.0,"[91, 103, 82, 83, 77, 68, 66, 69]","[91, 103, 82, 83, 77, 68, 66, 69, 75, 52, 57]","[0.67, 1.27, 1.41, 1.11, 1.1, 1.11, 1.31, 1.27]","[False, False, False, False, False, False, False, False]",8.csv,155.0,8,0,5.164573874219492,0.5209784931988737,0.1338298509034413,0.0001150210359927,"[0.39417117 0.90487625 1.05486973 1.25755458 0.76963959 0.71215536
 1.01433685 0.75323441]","[0.         0.36512375 0.35513027 0.14755458 0.33036041 0.39784464
 0.29566315 0.51676559]"
344,143,22,135.0,85.0,"[91, 103, 82, 83, 68]","[91, 103, 82, 83, 77, 68, 66, 69, 75, 52, 57]","[0.64, 1.26, 1.32, 1.37, 1.46]","[False, False, False, False, False]",8.csv,160.0,5,0,5.469904594365572,0.5452693990570713,0.1575166942882326,0.0001259377927549,[1.30525528 0.76381287 0.71289465 1.04211604 0.64575089],[0.         0.49618713 0.60710535 0.32788396 0.81424911]
345,144,23,140.0,85.0,"[91, 103, 82, 83, 77, 68, 69]","[91, 103, 82, 83, 77, 68, 66, 69, 75, 52, 57]","[0.71, 1.45, 1.29, 1.06, 1.11, 1.19, 1.31]","[False, False, False, False, False, False, False]",8.csv,165.0,7,0,5.732023438985264,0.5442551669319224,0.1259173932600646,0.0001457672482968,"[0.42984186 1.27048401 1.33486627 1.02290188 0.82057898 1.30724744
 0.6537711 ]","[0.         0.17951599 0.04486627 0.03709812 0.28942102 0.11724744
 0.6562289 ]"
346,145,24,145.0,85.0,"[91, 103, 82, 83, 77, 68, 66, 69]","[91, 103, 82, 83, 77, 68, 66, 69, 75, 52, 57]","[0.66, 1.19, 1.32, 1.01, 1.14, 0.97, 1.14, 1.28]","[False, False, False, False, False, False, False, False]",8.csv,170.0,8,0,6.076386663453088,0.5640579663175392,0.1249807921505119,0.0001588166874013,"[0.38146239 0.74992372 1.05003595 1.07840483 0.74682594 0.70343604
 0.8815959  0.66398877]","[0.         0.44007628 0.26996405 0.06840483 0.39317406 0.26656396
 0.2584041  0.61601123]"
347,146,25,150.0,85.0,"[91, 103, 82, 83, 77, 68, 66, 69, 75, 52]","[91, 103, 82, 83, 77, 68, 66, 69, 75, 52, 57]","[0.55, 1.04, 1.43, 0.91, 0.82, 0.87, 0.84, 0.95, 1.31, 1.5]","[False, False, False, False, False, False, False, False, False, False]",8.csv,175.0,10,0,6.321764109439864,0.5459047245915108,0.0941967492261153,0.0002745131033092,"[0.78958887 0.91093318 0.32388102 0.54443636 0.8573816  1.15620459
 0.4448348  0.81999182 0.93976256 0.57341305]","[0.         0.12906682 1.10611898 0.36556364 0.0373816  0.28620459
 0.3951652  0.13000818 0.37023744 0.92658695]"
348,147,26,155.0,85.0,"[91, 103, 82, 83, 77, 68, 66, 69, 75, 57]","[91, 103, 82, 83, 77, 68, 66, 69, 75, 52, 57]","[0.44, 0.47, 0.49, 0.29, 0.33, 0.38, 0.56, 0.55, 0.95, 1.36]","[False, False, False, False, False, False, False, False, False, False]",8.csv,180.0,10,0,6.383507110664366,0.5703553309181657,0.0959360192386169,0.0002625237400064,"[0.83469068 1.31411787 0.1528463  0.61247957 1.45135215 1.06400517
 0.45374896 0.51297006 0.6738995  0.63500871]","[0.         0.84411787 0.3371537  0.32247957 1.12135215 0.68400517
 0.10625104 0.03702994 0.2761005  0.72499129]"
349,148,27,160.0,85.0,"[91, 103, 82, 83, 77, 68, 66, 69, 75]","[91, 103, 82, 83, 77, 68, 66, 69, 75, 52, 57]","[0.54, 0.81, 0.45, 0.23, 0.23, 0.26, 0.34, 0.37, 0.81]","[False, False, False, False, False, False, False, False, False]",8.csv,185.0,9,0,6.427390569108288,0.5896146783785197,0.0900153984369103,0.0002577866010957,"[1.17699978 0.10206183 0.77659459 0.52423241 0.33842672 0.27133262
 0.21230135 0.55796015 0.47795286]","[0.         0.70793817 0.32659459 0.29423241 0.10842672 0.01133262
 0.12769865 0.18796015 0.33204714]"
350,149,28,165.0,85.0,"[91, 103, 82, 83, 77, 68, 66, 69, 75]","[91, 103, 82, 83, 77, 68, 66, 69, 75, 52, 57]","[0.29, 0.29, 0.45, 0.63, 0.29, 0.27, 0.55, 0.83, 0.98]","[False, False, False, False, False, False, False, False, False]",8.csv,190.0,9,0,6.748131163637623,0.6037682408929924,0.0884408073515447,0.0002240761196026,"[1.30756354 0.09265243 0.30859453 0.2606649  0.34625413 0.26295643
 0.19022364 0.5364701  0.29380167]","[0.         0.19734757 0.14140547 0.3693351  0.05625413 0.00704357
 0.35977636 0.2935299  0.68619833]"
351,150,0,80.0,66.0,"[69, 75]","[69, 75, 52, 57]","[0.28, 0.34]","[False, False]",8.csv,105.0,2,0,6.751627979027642,0.6722034388439972,0.1361965431455397,9.462693194298596e-05,[0.60701099 0.23632997],[0.         0.10367003]
352,151,0,170.0,103.0,"[82, 83, 77, 68, 66, 69]","[82, 83, 77, 68, 66, 69]","[0.15, 0.26, 0.26, 0.42, 0.7, 0.97]","[False, False, False, False, False, False]",8.csv,195.0,6,0,6.881010131144883,0.6418137287224952,0.1056331130218035,0.0001855165314748,[0.12008167 0.27961653 0.37230609 0.38513599 0.33413455 0.17807479],[0.         0.01961653 0.11230609 0.03486401 0.36586545 0.79192521]
353,152,0,180.0,77.0,"[68, 66, 69]","[68, 66, 69]","[0.48, 0.84, 1.3]","[False, False, False]",8.csv,205.0,3,0,7.195829290391832,0.6816915562096587,0.1027055393375575,0.0001593074908291,[0.29363457 0.31060147 0.34479412],[0.         0.52939853 0.95520588]
354,153,0,185.0,68.0,"[66, 69]","[66, 69]","[0.4, 0.88]","[False, False]",8.csv,210.0,2,0,7.196206709549767,0.6817930677911035,0.0977743395905908,0.0002341339549583,[0.2908054  0.33462262],[0.         0.54537738]
355,154,0,424.1,6931.0,"[6968, 6886]","[6968, 6886]","[0.59, 0.6]","[False, False]",8.csv,449.1,2,0,3.772820904645487,0.993158409211252,0.1726932444102888,0.0003055976719346,[0.15230626 0.45156791],[0.         0.14843209]
356,155,1,429.1,6931.0,"[6968, 6886]","[6968, 6886]","[0.38, 0.38]","[False, False]",8.csv,454.1,2,0,3.9797228412256342,1.072427403988658,0.1820701661799108,0.0003773474946733,[0.17385302 0.3737241 ],[0.        0.0062759]
357,156,3,439.1,6931.0,"[6968, 6886]","[6968, 6886]","[1.0, 1.22]","[False, False]",8.csv,464.1,2,0,4.109384652509656,1.1202160314291545,0.1889563331907945,0.0003428090224796,[0.54227371 0.6378166 ],[0.        0.5821834]
358,157,4,444.1,6931.0,"[6968, 6886]","[6968, 6886]","[0.72, 1.11]","[False, False]",8.csv,469.1,2,0,3.75172966507176,1.1771961104257178,0.1862485338651769,0.0005818448418156,[0.54197605 0.42891581],[0.         0.68108419]
359,158,5,449.1,6931.0,"[6968, 6886]","[6968, 6886]","[0.2, 0.88]","[False, False]",8.csv,474.1,2,0,4.208018081761008,1.274619949809726,0.1779508170220259,0.000921547472926,[0.54257365 0.20072286],[0.         0.67927714]
360,159,6,454.1,6931.0,"[6968, 6886]","[6968, 6886]","[0.37, 0.94]","[False, False]",8.csv,479.1,2,0,5.525275229357831,1.2801963112035708,0.1668377830341131,0.0014596481455303,[0.54346308 0.19927609],[0.         0.74072391]
361,160,7,459.1,6931.0,"[6968, 6886]","[6968, 6886]","[0.2, 0.88]","[False, False]",8.csv,484.1,2,0,5.961103813559426,1.172552410820853,0.1567438610102025,0.0,[0.52192318 0.20375896],[0.         0.67624104]
362,0,0,5.0,11.0,"[26, 31]","[26, 31, 27]","[0.23, 0.92]","[False, False]",9.csv,30.0,2,0,31.195018394648837,0.8694849075968645,0.0394268971244015,0.0004346085463156,[0.90498202 0.22308334],[0.         0.69691666]
363,1,1,10.0,11.0,"[26, 31]","[26, 31, 27]","[0.39, 0.91]","[False, False]",9.csv,35.0,2,0,31.4048908467652,0.868426591123035,0.0362169139854171,0.0002966168221573,[1.01223999 0.5672952 ],[0.        0.3427048]
364,2,1,20.0,26.0,"[31, 27]","[31, 27]","[0.54, 1.13]","[False, False]",9.csv,45.0,2,0,30.82323992386247,0.9058554672597348,0.0366039192754463,0.0001649320484024,[0.98688362 1.13555509],[0.         0.00555509]
365,3,2,25.0,26.0,"[31, 27]","[31, 27]","[0.55, 0.55]","[False, False]",9.csv,50.0,2,0,30.34086201129526,0.9373166615455564,0.0375545320513828,0.0002624967291569,[0.73797461 0.50878628],[0.         0.04121372]
366,4,3,30.0,26.0,"[31, 27]","[31, 27]","[0.46, 0.59]","[False, False]",9.csv,55.0,2,0,30.05414186367616,0.9796118973755696,0.0378603658161778,0.0003157661869572,[0.26890188 0.45184914],[0.         0.13815086]
367,5,4,35.0,26.0,"[31, 27]","[31, 27]","[0.41, 0.57]","[False, False]",9.csv,60.0,2,0,29.578516828380835,0.939146171489194,0.0346931409635498,0.0003682923669166,[0.25318353 0.4979688 ],[0.        0.0720312]
368,6,10,115.9,28.0,"[24, 30]","[24, 30]","[0.39, 0.73]","[True, True]",9.csv,140.9,2,0,26.365310869565217,0.4619819120614993,0.0152518885100932,0.0003771924711544,[0.39579544],[0]
369,7,15,150.9,28.0,"[24, 30]","[24, 30]","[0.34, 0.76]","[True, True]",9.csv,175.9,2,0,24.79805369318182,0.8491371729849406,0.0304972716350803,0.0010268441627973,[0.34619406],[0]
370,8,2,45.0,30.0,"[44, 39]","[44, 39]","[1.02, 1.29]","[False, False]",9.csv,70.0,2,1,25.625412017167385,0.3597364002146481,0.0129932197641662,0.0001149261288212,[0.59158956 0.96375683],[0.         0.32624317]
371,9,3,50.0,30.0,"[44, 39]","[44, 39]","[1.14, 1.39]","[False, False]",9.csv,75.0,2,1,25.991534712950603,0.3156206755890373,0.0110950755113796,0.0001055869386313,[0.63777742 1.08813746],[0.         0.30186254]
372,10,0,5.0,38.0,"[37, 40]","[37, 40]","[0.28, 0.35]","[False, False]",9.csv,30.0,2,0,20.5211881270903,1.1163575220122193,0.0624129969524437,0.0008577498331795,[0.28468028 0.23172823],[0.         0.11827177]
373,11,0,5.0,42.0,"[47, 45, 48]","[47, 45, 48]","[0.42, 0.23, 0.36]","[False, False, False]",9.csv,30.0,3,0,19.47301114827202,1.0381393130479002,0.0705755807265275,0.000920150987308,[0.44367396 0.28060403 0.58259511],[0.         0.05060403 0.22259511]
374,12,2,15.0,42.0,"[47, 45, 48]","[47, 45, 48]","[1.24, 1.47, 1.27]","[False, False, False]",9.csv,40.0,3,0,20.040897476803107,0.8667899175326328,0.0412713268224879,0.0004889323962121,[0.69320698 0.80061028 1.26403147],[0.         0.66938972 0.00596853]
375,13,0,20.0,47.0,"[45, 48]","[45, 48]","[0.59, 0.43]","[False, False]",9.csv,45.0,2,0,19.85616445257348,0.8207431226621126,0.0391961131748451,0.0004174980987911,[0.67773581 0.79410705],[0.         0.36410705]
376,14,1,25.0,47.0,"[45, 48]","[45, 48]","[1.18, 0.96]","[False, False]",9.csv,50.0,2,0,19.74994638487889,0.7945423204130423,0.0374151727088807,0.0002888459035683,[0.94185201 0.88700785],[0.         0.07299215]
377,15,2,30.0,47.0,"[45, 48]","[45, 48]","[1.36, 1.05]","[False, False]",9.csv,55.0,2,0,20.123350834673225,0.770138529973439,0.0351384028019911,0.000143422052253,[0.57106588 0.88954622],[0.         0.16045378]
